id,edad,sexo,i1,ir2,ir3,i4,ir5,i6,ir7,i8,ir9,i10,ir11,i12,i13,ir14,i15,ir16,ir17,i18,i19,ir20,ir21,i22,ir23,i24,ir25,i26,ir27,i28,ir29,i30,ir31,i32,i33,i34,i35,ir36,ir37,i38,i39,ir40,ir41,i42,ir43,i44,ir45,i46,ir47,i48,i49,ir50,i51,i52,ir53,i54,ir55,i56,i57,i58,i59,i60
1,19,0,1,1,3,2,3,,2,3,2,1,3,4,3,4,4,3,1,4,2,1,4,2,1,1,1,1,3,2,3,3,3,4,1,1,2,1,1,1,1,1,1,2,1,1,3,4,1,4,3,4,4,1,2,1,1,1,3,1,2,2
2,19,0,2,4,2,3,4,3,3,4,1,2,4,4,4,4,3,3,3,4,2,3,3,2,3,4,2,2,4,3,3,3,2,1,2,3,1,2,3,3,3,3,2,1,2,1,2,4,4,4,3,4,3,2,4,3,2,2,3,2,3,2
3,20,0,2,3,4,3,2,2,3,4,2,3,3,4,2,4,3,3,3,4,2,2,3,2,1,2,3,2,4,2,3,2,3,1,4,1,1,2,3,1,1,3,2,2,1,2,1,4,2,3,2,4,4,1,4,2,2,1,2,2,3,2
4,19,0,1,3,2,3,3,2,1,3,2,3,4,3,3,3,2,,1,4,2,3,3,1,2,2,2,3,4,2,2,3,4,1,2,3,4,1,2,1,2,2,2,1,1,1,1,3,4,3,4,4,3,2,4,2,2,3,3,3,3,2
5,20,0,1,2,4,2,1,1,3,3,3,2,4,2,3,3,3,2,2,4,1,1,2,2,2,1,1,1,3,3,3,2,2,2,1,1,2,1,2,1,3,1,1,2,1,1,1,3,2,3,4,4,4,1,3,2,3,2,3,1,1,2
6,22,0,1,4,2,3,2,3,2,3,2,3,1,4,2,4,3,3,1,4,1,2,2,2,2,1,2,1,3,2,2,2,4,1,3,2,1,1,1,1,2,2,2,2,1,1,2,3,2,3,3,3,2,2,4,2,2,2,4,2,3,2
7,21,0,1,2,3,4,2,1,2,3,2,3,4,4,3,4,3,4,1,4,2,3,3,1,2,1,2,1,4,3,4,3,2,4,2,3,1,1,3,1,2,2,1,1,1,2,3,2,4,4,3,4,3,1,4,1,2,2,3,2,2,2
8,20,0,1,3,1,3,3,1,2,4,2,2,3,3,3,4,3,3,3,2,1,1,4,1,1,1,2,1,4,1,4,3,1,3,1,3,1,1,2,1,2,1,1,2,1,1,1,1,1,4,4,3,3,1,2,1,1,1,3,2,2,2
9,25,0,1,4,2,3,2,2,1,3,2,3,4,4,2,4,4,3,3,3,1,2,3,2,2,2,2,1,4,4,4,3,4,3,3,4,2,1,1,2,1,2,1,2,1,1,3,4,3,4,3,1,4,1,3,2,1,2,3,2,3,1
10,20,0,1,3,3,3,2,1,1,3,2,2,4,3,3,4,3,3,1,4,1,2,3,2,1,1,1,1,3,3,2,1,2,2,1,2,4,2,3,1,1,1,1,2,1,1,2,3,4,4,2,2,2,1,2,2,2,1,4,2,2,2
11,19,0,1,3,1,3,2,1,2,3,2,4,3,2,3,3,4,3,2,4,2,3,3,1,1,2,3,2,4,1,3,3,3,3,3,3,1,1,1,1,1,1,1,2,1,2,3,4,2,4,3,4,4,1,3,2,2,1,3,2,3,1
12,20,1,1,3,3,2,3,1,1,3,1,4,3,2,4,4,4,4,2,4,2,4,3,2,1,3,3,2,4,2,4,3,3,2,4,2,2,2,3,1,1,3,2,3,3,1,3,4,4,4,3,1,4,2,3,3,3,2,3,3,3,2
13,20,0,2,3,3,3,3,2,2,2,1,2,4,3,2,3,3,3,3,2,2,2,3,2,2,2,3,3,4,3,3,4,3,3,3,3,4,2,3,2,3,2,2,4,2,2,3,2,1,4,2,4,1,2,2,3,2,1,4,2,2,2
14,20,1,1,2,4,2,3,2,4,2,3,4,4,3,3,2,3,4,3,4,2,2,3,2,2,2,2,3,3,2,2,3,3,3,,3,2,3,1,1,3,4,2,3,2,2,2,2,2,3,3,1,4,2,3,2,1,2,3,3,3,1
15,19,0,1,4,2,3,2,3,2,3,1,3,1,3,4,3,1,3,1,1,2,2,4,1,2,1,2,1,3,2,3,2,2,1,3,2,1,2,1,2,3,3,1,2,2,3,4,3,4,3,1,3,4,2,4,2,2,3,4,2,2,1
16,22,1,1,3,3,2,4,3,1,4,3,1,2,4,4,4,3,4,3,4,1,1,2,1,4,1,2,1,4,1,3,4,2,2,1,1,1,1,2,1,2,2,1,2,2,1,1,2,3,3,3,3,4,2,2,2,2,2,2,1,3,1
17,20,0,1,3,3,3,3,2,2,4,3,3,3,3,4,3,4,4,2,4,2,3,2,1,4,1,2,1,3,2,3,3,4,2,2,2,2,1,3,1,2,2,4,2,1,1,2,2,1,2,3,2,3,2,2,3,2,1,3,2,3,1
18,19,0,1,3,4,3,3,2,3,2,3,1,2,3,3,4,3,4,3,2,1,2,3,2,1,1,2,2,4,2,2,1,4,4,2,2,3,2,1,2,3,1,1,2,1,2,1,3,2,3,2,4,4,1,3,1,2,1,2,1,1,1
19,19,0,1,2,3,2,2,3,2,3,2,3,2,4,3,3,3,3,1,4,2,2,1,1,2,2,2,2,3,4,3,4,4,1,4,3,3,2,2,1,2,3,1,3,2,1,2,3,3,3,2,3,3,2,2,2,2,2,3,2,2,1
20,20,1,1,2,4,2,2,2,1,1,2,3,4,1,1,3,4,4,1,4,3,2,1,1,1,1,2,2,4,1,2,1,3,4,4,1,2,1,2,1,2,2,1,2,1,1,2,1,4,3,2,2,3,1,4,1,1,2,3,2,1,1
21,19,1,1,3,4,3,2,2,1,3,4,4,4,4,3,4,4,4,3,2,1,2,3,2,3,2,2,1,3,3,4,2,2,3,2,2,3,2,3,1,3,1,1,3,3,1,2,2,2,3,3,4,3,2,3,2,2,2,2,2,3,2
22,19,1,1,2,4,3,1,2,1,3,4,2,4,3,4,3,3,3,2,4,2,2,3,1,3,2,2,1,4,3,4,2,2,3,1,3,1,2,2,1,2,3,1,2,2,2,2,1,3,4,3,3,4,2,2,1,2,1,2,2,2,2
23,19,0,1,2,4,3,2,3,1,2,2,3,2,1,2,3,4,1,3,4,3,2,2,1,3,1,2,2,3,2,1,3,4,2,4,1,3,3,1,1,3,3,2,3,1,1,2,3,4,2,3,3,2,2,3,3,3,2,2,1,3,2
24,18,0,2,3,4,4,1,2,1,3,2,2,3,2,4,4,2,4,1,3,1,2,2,2,1,1,2,1,3,2,2,3,4,4,3,1,1,2,2,2,1,3,2,2,2,2,2,1,1,2,3,3,4,1,4,2,2,3,2,2,4,1
25,20,1,2,3,4,4,1,1,2,3,3,2,3,4,3,3,2,3,3,4,2,2,2,2,4,1,1,2,4,2,3,2,3,4,1,3,3,1,1,1,1,3,2,2,1,1,3,3,4,3,4,3,4,3,3,3,1,3,3,1,1,1
26,18,0,2,2,2,2,1,2,2,3,2,3,3,4,2,3,3,3,2,4,3,2,3,2,2,2,1,2,3,3,3,2,3,1,1,2,2,2,1,1,3,3,2,1,1,2,2,3,4,3,3,4,3,2,2,2,2,1,4,2,2,2
27,17,0,1,4,4,4,2,2,2,4,1,4,3,2,3,4,4,3,2,2,2,1,1,2,2,1,2,1,4,3,3,2,4,4,3,3,3,2,2,1,1,2,2,2,1,1,3,4,2,4,4,3,2,2,4,2,2,2,2,2,3,2
28,19,1,1,4,4,3,1,2,2,3,2,3,3,4,4,4,3,3,3,3,2,3,1,1,3,1,2,1,4,3,2,2,2,3,4,3,3,2,3,1,2,3,1,2,1,2,3,4,1,4,4,4,4,2,2,2,1,1,2,2,2,1
29,23,1,2,2,3,2,2,2,2,3,2,2,4,4,1,3,3,4,4,4,2,1,3,1,1,2,2,2,4,3,2,3,3,3,1,1,2,2,3,1,1,2,1,2,2,2,2,4,4,2,3,3,1,1,2,2,2,1,4,2,2,1
30,21,1,3,3,3,4,2,1,2,2,3,4,3,2,3,3,4,3,2,2,1,1,4,2,2,1,2,1,4,2,3,3,2,4,2,3,3,1,2,1,2,1,1,2,2,1,4,4,4,4,3,4,4,2,2,2,2,1,1,3,2,1
31,20,1,1,2,2,2,3,3,4,1,4,1,2,4,3,1,1,4,3,4,4,4,1,1,3,3,,,3,1,1,4,1,4,1,2,4,4,3,1,2,2,2,2,4,1,4,3,1,4,3,2,,,3,4,4,3,3,,3,4
32,19,0,1,3,2,2,4,2,1,2,1,4,3,4,2,3,2,3,2,4,2,2,3,2,1,2,2,3,3,1,3,3,3,4,2,2,2,2,3,4,2,2,1,1,1,2,1,4,4,4,2,4,2,2,2,3,3,2,,3,2,2
33,22,0,2,2,1,3,2,3,2,2,3,1,2,4,2,3,3,4,3,4,3,3,2,2,2,3,3,2,3,2,2,3,3,4,2,2,3,2,2,1,3,1,2,1,1,2,2,3,1,3,3,3,2,2,2,2,3,2,2,2,3,2
34,20,1,2,2,3,3,4,3,2,2,3,3,2,2,3,2,2,3,1,4,2,3,1,2,1,2,2,2,3,1,1,3,4,3,4,3,3,2,1,1,2,2,1,3,1,1,3,3,3,2,3,1,3,2,2,2,2,2,2,2,3,2
35,20,0,1,3,3,2,2,3,3,3,2,3,4,3,2,3,4,2,3,4,1,3,2,2,2,3,3,2,3,3,3,3,2,3,3,3,2,2,2,1,3,1,1,1,2,2,2,4,4,3,3,3,2,2,3,3,3,4,2,3,2,2
36,19,0,1,3,2,1,3,3,1,4,1,3,4,2,4,4,4,4,2,4,1,3,4,1,2,3,1,1,4,2,4,4,3,4,4,4,1,2,3,1,2,2,1,1,2,1,3,4,4,3,2,3,2,2,2,1,2,2,4,2,3,1
37,19,0,1,2,4,2,2,2,2,3,2,4,2,2,4,2,4,3,2,4,3,1,3,2,4,1,3,2,3,3,3,2,4,2,1,4,2,3,3,1,2,2,1,4,3,2,1,4,3,4,2,3,2,3,3,2,3,1,3,3,2,2
38,21,1,2,3,3,2,1,3,3,2,2,3,2,2,4,2,2,3,3,4,2,2,3,2,2,2,3,2,3,2,3,3,3,3,2,3,3,2,2,1,2,2,2,3,2,1,1,2,2,3,1,3,4,2,3,2,3,1,3,3,3,2
39,20,0,1,4,4,4,4,3,1,4,1,3,4,3,4,4,2,,2,1,2,3,2,3,4,1,3,2,2,3,2,3,4,4,4,1,1,2,3,1,2,2,1,2,2,2,3,1,3,3,4,3,1,3,1,2,3,3,2,2,2,2
40,18,0,1,4,3,2,1,2,2,4,3,2,4,4,4,3,3,1,2,4,1,1,3,2,3,1,1,1,3,1,3,3,2,2,1,1,1,1,2,3,2,3,1,1,1,1,2,1,3,4,3,4,4,1,3,2,2,3,3,2,1,2
41,23,0,1,2,3,3,2,1,2,3,3,2,3,4,2,4,3,4,3,3,2,2,3,1,2,1,2,1,4,2,3,3,2,1,1,3,2,1,2,1,3,3,1,1,2,1,2,3,4,4,4,3,2,1,3,2,2,2,3,2,2,1
42,21,0,2,2,3,3,1,2,2,2,2,3,2,4,2,3,3,3,3,4,2,2,2,2,2,1,2,2,3,1,2,3,2,4,4,2,1,2,2,1,3,2,2,2,2,2,3,2,2,3,3,4,3,1,1,2,2,2,2,3,3,2
43,66,0,1,3,2,4,4,1,2,4,4,4,4,4,3,4,4,4,4,4,2,1,4,3,3,2,4,1,4,2,4,4,2,4,4,3,1,2,4,1,3,1,1,1,2,1,4,4,1,4,4,4,1,2,2,1,2,1,3,2,2,3
44,0,1,2,2,2,2,3,2,1,3,3,3,2,4,3,3,3,2,2,3,2,2,3,3,3,3,2,2,2,3,3,3,3,3,2,3,2,3,2,2,1,3,2,3,2,2,3,2,2,3,3,3,4,3,1,2,2,2,2,2,3,2
45,18,1,1,4,3,3,2,2,2,2,3,1,2,4,4,3,3,3,2,4,3,2,2,2,3,3,3,2,3,2,2,3,4,3,2,2,3,3,2,2,2,3,2,2,2,2,2,2,3,3,3,2,4,3,2,3,2,2,3,3,2,2
46,20,1,1,4,2,3,3,2,1,4,2,1,3,4,2,4,2,4,2,2,1,1,3,3,3,2,2,2,3,2,4,3,2,1,1,3,1,2,3,3,1,2,1,3,2,1,1,2,4,2,3,2,2,3,4,1,2,2,3,2,4,1
47,57,0,1,4,2,2,3,2,2,3,1,3,4,4,1,4,3,3,2,4,2,3,4,1,2,2,2,1,4,3,4,4,4,3,3,2,3,2,2,1,2,1,2,1,1,1,3,4,2,4,1,3,2,1,2,1,1,1,4,1,1,1
48,19,0,2,2,2,3,1,1,3,2,2,2,2,3,3,2,3,3,2,3,1,2,3,2,3,2,1,2,3,2,3,3,2,3,2,3,2,2,2,1,3,2,1,2,1,2,3,3,1,4,3,4,4,1,2,2,1,2,2,1,1,2
49,23,1,1,3,2,3,3,2,3,3,3,1,4,3,4,3,4,4,4,3,2,2,1,2,3,3,3,1,3,2,3,1,1,2,1,3,2,2,3,1,3,3,1,,,,,,,,,,,,,,2,2,2,3,2,2
50,19,0,2,3,2,4,1,2,2,3,1,4,2,4,4,4,3,4,2,4,2,2,3,2,2,2,2,2,4,3,3,,2,1,3,4,2,2,3,1,2,1,2,1,2,2,2,4,1,4,3,4,2,2,2,2,2,2,4,2,2,2
51,41,0,1,4,4,4,1,2,3,3,1,2,3,4,4,4,3,4,2,4,1,4,2,1,4,2,2,1,4,2,4,2,4,4,2,4,2,1,2,2,3,3,1,1,1,2,4,3,1,4,4,4,1,1,2,1,2,1,4,2,2,1
52,19,0,2,2,2,3,1,4,2,4,1,3,4,4,3,4,1,4,3,4,2,1,3,1,2,1,1,3,2,3,4,2,2,2,1,3,1,1,3,1,1,3,1,4,1,1,2,4,4,2,1,3,1,3,2,2,,1,3,2,4,1
53,20,0,1,4,2,4,3,2,2,3,3,3,4,4,3,4,3,2,2,4,2,2,3,1,1,2,2,1,3,1,4,3,2,4,4,4,2,1,2,1,1,3,1,1,1,2,3,2,4,4,3,4,3,1,3,2,2,3,3,2,3,1
54,19,0,2,3,4,1,2,1,1,4,2,3,2,4,2,3,3,4,3,4,1,2,3,2,2,2,2,2,3,2,4,3,3,1,4,3,1,2,3,1,3,4,2,2,2,2,2,3,3,4,3,4,2,2,4,2,2,2,3,2,2,2
55,21,0,3,2,2,3,3,2,1,3,3,2,3,4,3,4,3,3,2,4,3,3,3,2,2,1,2,3,3,2,3,2,2,4,1,2,2,3,2,1,2,3,2,2,3,3,2,3,4,4,3,4,3,2,4,3,2,3,3,2,2,2
56,20,1,1,4,4,3,1,3,2,4,2,4,3,4,4,3,3,4,2,4,1,4,3,4,4,1,1,1,3,2,2,3,1,1,3,1,2,1,3,2,2,4,1,3,1,2,3,2,4,4,1,3,4,1,3,1,1,3,4,1,3,2
57,18,0,1,4,3,4,2,2,3,4,1,3,3,4,3,4,4,4,2,4,4,2,3,2,2,1,1,1,4,3,3,3,2,1,1,3,1,1,2,1,2,3,1,1,1,1,3,3,4,4,3,4,4,2,2,1,1,2,1,1,1,1
58,34,1,1,3,3,2,1,2,2,4,2,2,2,4,4,3,3,3,3,3,2,3,3,2,3,2,2,2,2,2,1,2,2,3,3,2,1,2,3,1,3,3,2,1,2,2,3,2,3,3,3,2,3,2,4,2,2,2,2,2,2,2
59,20,0,1,2,2,3,1,2,2,4,4,3,4,4,3,4,3,2,1,4,2,2,1,1,2,2,1,1,4,2,2,3,4,4,4,2,1,1,2,1,3,2,1,2,1,1,1,2,1,4,3,4,4,2,3,1,1,2,4,1,1,1
60,20,0,1,3,2,3,3,1,1,3,3,2,2,4,4,4,3,3,1,3,3,3,2,2,2,2,2,1,4,1,3,2,4,1,4,3,2,1,2,1,2,1,1,1,1,2,3,3,1,4,3,3,1,2,3,2,1,2,3,2,2,1
61,22,1,2,2,4,2,1,2,1,3,3,4,4,3,4,4,4,4,3,4,1,2,1,1,2,1,1,1,4,1,3,2,2,1,2,1,1,1,1,1,2,1,1,1,1,1,4,4,2,4,2,3,4,1,4,2,2,2,3,1,2,1
62,20,1,1,3,3,1,2,1,1,2,2,3,3,4,3,3,4,3,2,4,2,3,4,1,2,3,2,1,4,3,3,3,1,2,2,2,3,2,1,1,2,1,1,1,2,1,3,4,1,4,2,2,1,1,2,1,1,1,2,3,2,1
63,18,0,1,2,2,3,1,1,3,3,2,2,3,4,3,3,4,3,2,3,2,1,3,1,2,2,1,1,3,1,3,2,3,3,4,3,1,1,1,1,3,3,1,1,1,1,3,3,3,4,3,3,4,1,3,1,2,2,3,1,1,1
64,18,1,1,3,2,3,3,2,1,4,4,3,2,4,4,2,2,3,2,2,2,3,1,3,4,1,2,1,2,1,1,3,3,3,2,2,2,1,2,2,2,1,1,4,2,1,2,1,1,3,3,3,1,1,3,1,2,3,3,2,1,2
65,19,0,2,3,1,2,3,2,2,3,2,3,1,2,3,3,3,4,1,4,3,3,2,2,2,2,3,2,4,3,2,2,4,3,4,1,3,2,2,1,2,2,2,3,1,2,3,3,2,1,4,4,2,2,2,3,2,2,3,3,3,2
66,21,1,2,1,2,3,2,3,1,2,1,1,1,3,3,3,2,4,1,4,2,4,3,1,1,1,3,2,3,1,1,2,4,3,3,1,1,1,2,1,1,3,1,3,2,2,2,2,4,4,1,3,4,2,3,3,3,4,1,2,3,3
67,20,0,1,1,4,2,1,3,2,1,3,1,3,3,2,2,2,3,1,4,2,2,3,3,3,2,3,1,3,1,1,2,4,3,3,2,3,4,3,1,1,3,2,3,4,2,1,4,4,1,3,3,4,4,3,2,2,1,3,2,3,2
68,0,0,1,3,4,3,2,2,2,4,1,1,3,3,3,4,4,3,2,4,1,2,2,1,3,1,2,1,3,1,2,2,3,1,3,3,2,2,2,1,3,1,1,1,1,2,1,3,4,4,1,4,1,1,2,2,2,1,1,2,1,3
69,55,1,1,4,2,4,4,2,2,4,4,3,4,4,1,4,4,4,4,4,4,1,4,1,2,2,2,2,4,3,4,4,4,1,1,4,1,1,2,1,2,2,2,2,1,1,4,4,4,4,4,2,2,2,4,1,2,1,4,2,2,1
70,52,1,3,2,4,3,3,4,1,2,1,2,3,2,4,3,3,3,3,1,3,2,3,2,3,2,3,4,3,3,3,2,4,3,2,2,2,2,2,2,3,1,3,2,2,3,3,3,2,2,2,2,3,3,3,2,3,2,2,3,3,2
71,21,1,1,3,3,2,3,3,2,2,2,3,3,4,4,3,2,3,3,3,2,4,2,2,3,3,1,2,3,2,2,4,3,3,1,3,3,2,3,1,2,3,2,3,2,2,3,2,3,4,4,4,4,2,1,2,1,1,2,1,2,2
72,0,0,2,4,4,3,4,2,2,3,3,3,3,3,4,3,3,4,2,2,2,3,3,2,3,3,3,2,3,3,2,3,1,2,2,2,2,2,2,2,2,2,2,3,2,2,3,2,4,3,3,3,2,2,3,2,2,1,3,2,2,2
73,55,1,1,4,2,3,1,2,1,4,2,2,4,4,3,4,4,4,1,4,1,4,4,4,4,2,2,1,4,2,4,4,4,4,1,3,1,1,1,1,1,2,1,1,1,1,4,4,1,4,4,3,1,1,3,1,2,1,2,2,1,1
74,24,1,1,2,1,2,2,3,3,4,3,2,2,2,4,2,3,4,2,4,1,1,2,2,2,1,2,1,4,1,2,1,1,3,1,2,1,2,2,1,3,2,1,2,1,1,1,2,3,3,2,3,4,1,2,1,4,3,2,2,2,1
75,19,0,2,3,3,3,3,2,2,2,2,3,4,4,2,3,2,2,2,2,2,2,3,2,3,3,2,2,3,2,3,4,4,3,4,3,3,2,3,2,3,3,2,2,2,2,1,3,3,4,3,4,3,2,2,2,2,2,3,2,2,2
76,19,0,2,3,4,2,2,1,1,2,2,3,4,4,3,3,3,3,3,4,1,3,3,2,2,2,2,3,3,4,3,4,4,3,4,4,2,2,2,1,2,2,1,2,2,1,3,3,4,4,4,4,2,2,4,2,3,1,2,2,3,3
77,25,1,1,2,4,3,4,2,1,3,3,3,4,4,4,4,3,4,3,4,2,2,1,2,4,3,2,2,4,2,3,4,4,3,2,2,2,2,1,1,3,2,1,3,2,3,4,4,3,4,3,3,4,2,1,2,2,2,2,2,3,1
78,18,0,2,1,3,3,1,2,2,1,3,4,2,3,3,3,3,4,3,4,2,3,3,1,2,,2,2,4,3,3,2,4,1,3,3,3,2,1,1,2,3,2,1,1,1,2,4,1,4,4,3,2,2,1,1,2,2,3,2,2,1
79,19,1,2,4,4,2,2,3,1,3,3,2,3,2,3,3,3,3,2,4,2,2,2,1,3,3,2,2,3,2,3,2,3,4,2,1,3,3,2,2,1,3,1,2,1,2,1,2,3,3,4,4,4,2,4,3,2,2,2,3,3,1
80,21,1,1,2,3,2,2,2,2,2,3,2,4,4,2,3,3,3,2,4,2,2,3,1,2,2,2,1,4,2,3,3,4,3,2,2,4,1,2,1,1,2,1,2,1,1,2,3,4,4,3,2,4,1,3,1,2,1,2,2,1,1
81,20,0,2,3,4,3,1,1,2,3,2,3,2,4,4,3,3,4,2,3,2,2,3,1,4,2,2,2,3,3,3,3,3,2,4,3,2,2,2,2,2,2,1,2,2,2,3,4,3,4,4,4,2,2,3,2,2,2,2,2,1,2
82,19,1,1,1,4,3,1,3,1,1,4,2,4,1,4,3,2,4,4,4,2,1,3,3,4,4,2,1,3,2,3,3,4,3,3,3,4,1,3,1,1,2,1,3,2,2,3,2,2,4,4,3,2,2,2,2,2,1,4,3,4,3
83,20,0,2,3,1,4,2,3,2,2,1,3,2,4,3,4,4,4,4,4,2,3,4,2,1,1,1,1,3,2,3,4,2,4,3,3,2,1,3,1,2,1,1,1,2,2,3,4,1,4,2,3,1,2,2,2,2,1,3,2,2,2
84,18,0,1,3,4,2,3,1,2,3,3,3,1,4,3,3,3,3,3,2,1,2,3,2,2,1,1,1,4,1,4,3,3,1,4,1,1,1,2,1,3,2,1,2,1,2,2,3,2,4,3,4,3,1,3,1,1,2,3,1,1,2
85,18,1,2,3,3,2,1,1,1,2,2,1,3,4,4,4,4,4,2,4,2,3,2,1,3,1,2,1,3,1,3,3,3,4,1,2,3,2,1,1,2,1,1,1,1,2,2,3,4,4,4,4,2,2,3,3,1,2,3,3,2,2
86,19,1,2,3,3,2,2,3,2,4,4,2,2,4,4,3,3,3,1,2,2,3,2,1,2,1,2,2,3,2,3,2,3,2,1,2,2,2,3,4,2,2,2,2,2,2,2,3,3,3,2,2,2,1,3,2,1,2,2,2,2,1
87,20,0,1,4,3,3,1,2,3,4,3,3,2,4,4,3,3,2,2,4,2,2,2,2,3,2,2,2,4,4,3,3,3,2,3,4,3,2,3,1,3,4,3,1,2,2,3,4,4,4,3,3,4,3,2,2,3,3,2,2,2,3
88,22,0,1,2,3,3,1,1,3,3,3,2,3,4,4,4,2,4,3,4,2,2,3,1,3,2,1,1,3,4,3,3,2,3,1,4,3,1,3,1,3,1,2,1,1,2,4,4,1,4,4,4,1,1,3,1,2,1,3,3,1,1
89,19,0,2,3,1,2,1,2,1,4,2,3,2,3,2,4,3,2,1,4,2,2,1,3,1,1,2,2,3,3,2,3,4,2,1,3,1,2,2,1,2,2,1,1,1,2,2,4,4,4,2,4,2,2,3,2,2,2,3,3,4,2
90,19,0,1,3,4,2,2,1,3,4,1,4,3,4,2,4,3,3,1,4,2,3,4,1,4,2,2,1,4,2,4,3,4,3,4,4,1,1,1,1,3,1,1,1,1,1,3,4,4,4,1,3,2,2,2,2,2,1,2,3,3,1
91,19,0,2,3,2,3,3,3,2,4,2,3,4,4,3,4,3,4,2,4,1,2,3,2,4,2,1,1,4,3,3,3,3,2,3,3,2,1,3,1,2,4,1,2,2,3,3,4,3,4,3,4,4,2,3,2,2,3,2,2,2,2
92,19,1,3,2,3,2,4,2,1,2,1,3,1,4,3,3,2,4,3,4,1,2,2,1,1,1,2,2,3,3,2,4,3,2,4,2,2,2,1,1,2,3,1,2,1,2,1,1,4,2,1,3,4,2,2,1,2,2,3,2,1,1
93,20,0,2,2,3,3,3,1,2,3,1,2,2,4,4,4,3,4,2,4,1,3,2,1,2,1,3,2,4,2,3,2,3,4,3,2,2,1,2,1,3,2,1,2,1,2,2,3,3,4,3,4,3,2,1,2,2,2,3,2,2,2
94,23,0,1,4,2,2,3,1,3,3,2,1,2,4,2,3,3,3,3,4,1,2,2,2,3,2,1,1,3,2,2,2,3,1,3,2,1,1,3,3,3,4,2,2,1,2,3,3,3,4,3,4,2,2,2,2,2,2,1,2,3,2
95,20,0,2,1,2,2,1,2,1,2,4,2,3,4,3,3,3,4,4,4,2,3,3,2,4,2,1,1,3,1,3,3,4,3,1,1,3,2,2,1,3,1,1,2,1,1,2,3,3,2,2,3,1,2,2,2,2,3,2,2,1,1
96,20,0,1,3,1,2,2,2,1,3,2,3,2,3,4,4,2,4,3,4,1,2,3,2,2,3,2,2,3,3,2,3,4,3,4,2,2,2,2,1,1,4,2,2,2,2,1,1,4,2,2,3,4,2,2,2,2,2,3,2,2,3
97,21,0,1,2,4,3,2,1,1,3,1,2,3,4,3,4,4,4,3,4,1,2,1,1,2,2,1,1,4,4,4,4,4,4,4,4,3,1,1,1,1,1,1,1,1,1,3,4,4,4,4,4,1,1,2,1,1,1,3,1,1,1
98,19,0,2,3,3,3,3,4,3,3,3,4,2,4,4,4,2,4,2,4,1,3,3,2,2,2,2,2,3,2,3,3,2,2,3,3,2,3,3,1,2,2,2,3,3,2,3,2,1,2,2,3,2,3,2,3,2,1,3,2,3,1
99,21,0,1,3,3,2,1,3,1,1,1,2,4,1,1,3,3,1,2,3,1,2,3,1,1,1,1,1,4,2,4,4,2,4,1,1,1,1,2,1,3,1,1,1,1,1,3,3,1,4,2,4,1,1,3,1,1,1,1,1,1,1
100,20,0,3,2,3,3,2,2,3,2,3,4,1,4,3,4,3,4,2,4,2,3,3,2,4,3,2,2,4,2,3,4,4,4,4,3,3,1,2,1,3,4,2,2,1,1,4,4,3,4,3,4,4,2,1,3,2,3,2,2,2,1
101,18,0,2,1,2,3,2,1,2,2,3,4,3,2,3,3,4,4,3,4,2,4,4,1,1,2,2,2,4,3,4,3,4,4,4,4,3,2,1,1,2,1,1,2,2,1,1,4,1,4,2,3,2,2,3,2,2,1,3,1,2,1
102,18,0,1,3,2,2,3,2,2,1,3,2,4,3,3,2,4,2,2,4,2,2,2,1,2,2,1,1,2,2,2,2,3,2,2,3,2,2,1,2,1,2,1,2,1,1,2,3,1,3,2,3,2,2,2,2,2,1,3,1,2,1
103,19,1,1,4,2,4,2,3,1,4,1,4,1,3,3,4,3,4,2,4,2,3,3,2,3,2,2,2,1,4,4,3,3,2,4,3,2,1,1,3,1,1,3,1,1,1,1,3,3,1,4,3,3,4,2,3,1,2,1,2,2,2
104,20,1,2,4,3,2,2,2,3,3,3,2,1,4,4,2,3,2,1,3,2,1,2,2,2,1,1,1,4,3,3,3,2,4,4,2,1,2,2,1,2,3,2,1,2,2,2,2,1,3,2,3,4,2,2,2,3,3,3,3,2,2
105,20,1,2,2,3,2,3,2,1,2,3,3,3,2,2,3,3,4,1,4,2,2,2,3,2,3,2,1,2,1,2,4,4,4,2,1,1,2,1,1,2,2,2,3,1,2,2,3,4,4,1,3,2,2,4,2,1,2,1,2,2,2
106,18,0,1,2,3,4,1,3,1,3,4,2,1,4,4,4,4,4,3,2,1,2,4,1,3,1,1,1,2,1,3,1,3,1,1,1,1,1,2,1,1,4,1,1,1,1,4,2,4,4,4,4,3,1,3,1,1,3,2,1,2,2
107,20,0,2,2,3,1,2,2,2,4,1,2,3,4,2,3,2,4,1,4,2,1,2,2,3,3,1,2,4,2,3,4,2,3,3,3,2,1,1,1,2,2,1,1,1,1,1,3,1,2,4,4,1,1,2,2,1,1,2,2,3,3
108,18,1,1,3,4,1,1,3,1,2,4,4,2,2,3,3,3,4,2,4,1,1,3,1,3,2,1,1,3,1,3,4,3,3,4,2,3,1,2,1,1,1,1,3,2,1,3,4,4,4,2,3,4,1,2,1,1,1,3,1,2,1
109,20,1,1,4,3,2,3,2,3,4,2,2,3,4,4,4,3,3,3,2,2,3,4,1,3,2,2,1,3,3,4,4,3,3,2,4,2,2,2,2,3,2,2,1,3,2,2,4,1,4,4,4,1,2,2,3,2,2,1,2,2,1
110,18,1,1,2,2,3,2,2,3,4,2,2,1,4,4,3,3,3,2,3,1,2,4,1,2,1,1,1,2,1,4,3,3,3,1,2,1,1,2,1,1,2,1,2,1,1,2,2,3,3,3,4,4,2,3,1,2,2,2,1,2,1
111,19,1,2,3,3,4,2,3,1,2,2,3,4,4,2,3,3,3,3,4,2,2,1,3,2,3,2,2,3,1,3,2,3,3,2,4,3,2,1,1,2,1,1,2,1,1,3,2,1,4,2,3,2,2,1,3,2,1,1,2,3,1
112,18,0,3,2,2,2,1,3,3,1,1,3,4,2,4,2,3,1,3,4,2,3,2,2,2,1,3,3,4,2,2,2,4,3,4,3,4,3,2,2,1,2,3,2,3,3,1,3,4,3,4,4,2,3,4,2,2,3,3,3,2,2
113,18,0,2,4,2,3,4,2,3,3,1,3,4,4,2,4,3,4,3,3,2,1,2,2,2,3,2,2,3,3,2,3,3,4,2,2,1,1,1,2,1,1,2,2,1,1,3,4,2,4,3,4,1,2,1,3,2,1,4,1,3,2
114,17,0,1,2,4,4,1,2,2,2,1,3,2,3,2,4,2,4,2,2,3,2,3,2,1,1,2,1,4,4,4,1,4,1,4,4,3,1,2,1,3,2,2,2,1,1,3,4,3,4,3,4,2,2,1,2,2,2,3,2,2,2
115,20,1,1,1,4,2,1,3,2,2,4,2,3,2,3,2,2,2,3,2,3,1,3,3,2,2,1,1,3,1,2,2,1,1,1,1,1,2,1,1,2,2,1,1,1,1,1,1,2,4,3,4,3,1,4,1,1,3,2,1,2,1
116,19,0,1,1,4,3,1,4,1,4,4,4,3,2,3,4,3,4,2,4,1,3,4,2,3,3,1,1,3,3,3,3,4,3,4,3,3,2,2,1,3,4,1,3,1,1,3,3,4,4,3,3,4,1,1,1,1,1,4,1,4,1
117,26,0,1,3,3,2,4,3,1,4,3,3,4,4,3,4,2,3,4,2,2,2,3,2,2,2,2,2,4,2,3,3,3,2,4,4,1,2,2,1,2,3,1,2,2,1,3,4,4,4,4,3,4,2,3,2,3,1,3,2,3,2
118,18,0,1,3,4,3,2,4,1,2,4,3,2,4,4,4,,2,2,4,2,2,2,2,1,1,1,2,4,3,3,2,3,1,2,2,4,2,3,2,2,4,2,2,2,2,3,3,1,4,2,4,4,1,2,3,3,3,2,1,1,1
119,23,1,2,4,3,1,2,2,3,2,2,3,3,2,2,3,3,4,2,4,2,2,2,2,3,2,1,2,3,3,3,3,3,2,2,3,4,2,1,1,3,2,1,2,3,2,2,4,4,3,2,4,3,2,2,2,2,1,2,2,1,1
120,20,1,1,2,4,2,1,2,1,2,2,2,2,4,4,4,1,4,2,4,2,1,4,2,4,1,2,1,4,2,2,3,3,1,1,2,2,2,3,1,4,1,1,1,2,1,2,3,4,4,4,4,3,2,4,2,2,3,1,2,2,3
121,19,0,1,3,4,2,3,1,3,3,2,2,4,4,3,3,3,4,2,3,2,3,3,2,3,1,2,2,3,3,3,2,4,2,2,2,1,2,2,1,2,2,1,1,1,2,2,3,1,3,3,3,4,2,3,2,2,3,2,2,2,2
122,19,0,2,3,3,1,1,2,1,2,2,2,4,4,2,3,3,3,2,4,2,2,2,2,2,2,2,2,3,2,3,3,4,3,2,2,2,2,1,1,2,3,2,1,2,2,2,2,2,4,3,4,3,2,3,2,2,2,4,2,2,2
123,19,0,1,2,3,3,1,2,2,3,1,3,2,4,4,3,3,3,2,4,2,2,3,2,3,1,2,2,3,2,3,2,2,4,2,2,2,2,2,1,2,2,2,3,2,2,3,3,2,4,2,3,2,2,3,2,2,1,2,2,2,1
124,20,0,1,3,1,2,4,2,4,4,2,4,4,4,4,4,3,4,1,4,1,4,4,1,2,1,2,1,2,4,3,2,1,1,4,2,2,1,3,1,4,4,1,1,1,1,1,2,1,3,2,4,1,1,2,1,1,2,1,1,2,1
125,20,0,1,3,2,3,1,2,1,3,4,1,1,1,4,3,2,4,1,1,3,4,2,2,2,1,2,1,2,2,2,4,3,2,3,2,1,1,1,2,2,4,1,2,1,1,1,2,1,4,3,3,4,2,1,2,2,2,1,1,2,3
126,19,0,2,2,4,2,4,2,1,1,1,3,4,2,1,4,2,3,3,4,3,1,3,2,1,2,2,3,4,1,4,3,4,4,3,2,3,3,1,1,2,1,1,1,1,1,1,3,1,3,4,2,1,2,1,3,2,1,2,2,3,2
127,20,1,1,4,2,2,2,2,2,2,3,1,1,3,3,4,2,4,4,4,1,2,2,1,2,1,2,1,4,2,2,2,2,4,2,1,1,2,1,1,1,2,1,1,2,2,1,3,4,3,3,1,3,2,4,2,2,2,3,2,2,1
128,19,0,1,3,4,3,2,1,4,4,3,3,4,4,4,4,3,4,3,4,2,3,4,1,3,2,2,2,4,2,4,2,4,4,2,4,2,2,2,2,3,2,1,1,2,2,3,4,3,4,3,4,2,2,3,2,3,2,4,2,2,1
129,20,0,1,4,4,3,3,1,1,3,3,3,4,4,2,4,2,4,3,2,2,2,3,1,2,1,2,1,4,2,2,2,3,1,3,4,1,1,1,1,2,1,1,1,1,1,2,4,4,4,4,4,1,1,2,1,2,1,4,2,2,1
130,20,1,2,4,2,3,2,1,2,4,2,2,3,4,2,4,4,3,1,2,1,1,2,2,1,1,1,1,4,3,3,2,2,1,4,2,1,1,1,1,2,1,1,1,1,1,2,4,4,4,4,4,3,1,2,1,1,2,2,1,2,2
131,19,0,1,4,2,4,2,1,2,4,1,1,3,4,4,3,4,4,1,4,1,1,2,2,1,1,2,1,4,3,3,2,3,1,2,1,1,1,1,2,3,4,2,1,1,2,2,2,4,4,3,4,2,1,4,1,2,1,3,2,1,2
132,18,0,2,2,3,3,4,4,2,3,3,4,3,4,4,4,3,4,2,3,2,4,3,2,2,2,2,2,3,2,3,3,2,2,4,4,2,2,3,1,2,2,2,2,2,2,3,4,2,2,2,3,4,2,2,2,2,1,2,2,3,1
133,18,1,1,3,2,2,2,2,2,3,1,2,3,4,3,4,3,3,2,4,4,2,4,1,2,1,1,1,4,3,4,3,3,3,2,3,1,1,2,1,2,2,1,2,1,1,1,3,4,4,4,4,2,1,4,1,1,1,3,1,2,2
134,18,0,2,4,4,1,3,3,3,2,1,4,4,1,3,3,2,4,3,4,3,1,1,2,1,3,4,2,4,4,2,3,4,3,4,4,4,2,3,2,4,1,1,2,1,2,1,3,2,1,4,4,1,2,1,2,2,2,2,2,1,1
135,19,1,1,3,3,4,2,2,4,2,4,4,3,2,4,4,4,4,2,4,1,4,3,1,2,1,1,1,4,1,4,4,2,4,1,4,2,2,3,1,3,4,1,1,2,1,2,4,1,4,3,3,3,1,2,1,1,2,2,1,3,1
136,22,1,2,4,3,3,4,2,1,3,3,2,3,2,3,2,2,3,3,4,2,1,2,3,2,3,2,2,2,2,2,3,3,2,1,1,3,3,3,2,1,1,2,3,2,1,2,1,2,1,2,2,2,3,2,2,2,1,3,2,3,2
137,19,0,2,2,3,3,4,3,1,4,1,2,4,2,3,4,3,4,1,4,1,2,2,3,1,1,2,2,3,1,2,3,4,2,2,2,1,1,2,1,1,3,2,2,1,1,2,2,4,3,3,1,4,2,1,1,2,1,3,2,2,2
138,21,0,1,3,4,2,3,3,1,2,3,4,3,3,4,2,3,4,1,2,1,3,1,2,2,1,2,1,2,1,1,2,2,3,4,1,2,2,3,1,1,2,1,1,2,1,2,2,4,2,3,1,4,2,3,2,2,3,2,2,3,1
139,22,0,2,3,4,4,2,1,2,3,2,4,3,2,3,3,3,2,1,4,2,3,3,1,1,1,2,1,3,1,3,1,3,4,4,2,3,1,2,2,2,2,2,3,1,1,3,3,3,4,3,2,2,1,4,1,1,1,3,2,3,1
140,19,1,1,2,3,3,1,2,1,3,2,1,2,2,3,3,3,4,2,4,1,2,3,1,1,1,1,1,3,1,3,2,4,1,1,1,2,1,3,1,1,2,1,2,1,1,2,2,4,2,1,4,2,1,4,2,2,1,2,2,1,1
141,21,1,1,3,4,2,1,4,1,2,2,4,4,2,3,3,2,4,4,1,4,4,2,2,3,2,1,1,3,1,3,4,4,4,4,3,3,1,1,1,2,2,1,1,1,1,2,4,2,3,4,4,4,2,1,4,3,1,1,1,2,2
142,19,1,2,3,4,4,2,1,1,3,2,3,3,3,4,3,4,4,1,2,1,3,2,1,3,1,2,1,3,1,3,2,4,2,2,1,1,2,2,1,2,3,1,1,1,1,3,2,3,2,3,1,3,2,2,2,1,2,2,2,2,1
143,19,0,2,2,3,4,3,1,4,1,3,4,3,3,2,4,4,4,3,4,4,2,4,4,2,3,2,2,4,4,4,4,4,1,4,4,4,1,1,1,4,4,3,1,1,2,4,3,1,4,4,4,4,1,1,4,2,2,3,4,1,1
144,20,1,1,4,2,2,3,2,1,3,1,4,4,4,3,4,3,4,3,3,1,3,1,3,4,4,1,1,4,2,3,4,2,4,1,1,2,1,4,1,2,4,1,1,1,1,1,4,4,4,2,2,2,2,1,1,1,3,1,2,2,1
145,49,1,1,4,2,3,3,2,2,4,2,3,3,4,2,4,3,3,4,4,2,3,3,2,3,2,2,1,3,2,3,3,4,3,2,3,2,2,2,2,2,1,2,3,1,2,3,4,1,4,2,3,1,2,3,2,2,2,4,2,2,2
146,47,0,1,4,2,4,1,2,3,4,2,4,4,4,3,4,4,4,3,4,2,3,2,2,3,3,2,2,4,2,3,4,4,1,3,4,3,2,3,1,2,1,1,1,1,2,4,4,4,4,4,3,2,1,2,1,2,1,4,2,1,1
147,21,0,2,1,3,3,2,1,1,2,4,3,2,4,4,4,3,2,4,4,1,2,3,3,1,2,1,2,3,4,3,2,3,1,1,1,2,1,2,1,1,2,1,1,1,2,2,4,1,3,3,3,4,1,4,2,1,1,2,3,1,2
148,22,0,1,3,2,3,2,2,2,4,1,1,2,4,1,3,3,4,2,4,3,1,3,3,1,2,2,2,4,1,3,1,2,3,1,1,1,2,3,1,2,1,2,2,2,2,1,3,4,3,3,3,1,2,2,1,2,2,3,2,2,2
149,20,0,1,3,2,3,3,1,1,2,2,3,3,3,3,3,4,3,2,4,2,3,3,1,4,2,2,2,4,2,3,2,3,4,4,2,2,2,2,2,1,1,1,2,2,2,3,3,4,2,3,2,2,2,1,2,2,3,2,2,1,1
150,20,0,1,4,3,2,3,2,1,4,1,1,3,4,2,4,2,4,3,2,1,2,4,1,2,1,1,1,4,3,4,3,2,3,1,3,1,1,1,1,3,3,1,1,1,1,2,3,4,4,4,4,1,1,3,1,1,1,4,1,1,1
151,20,0,2,2,4,2,2,2,3,2,2,1,4,4,3,2,3,3,3,4,2,2,2,2,1,1,2,2,2,2,4,1,3,4,3,3,2,2,1,1,2,3,2,1,1,1,3,4,4,4,3,4,4,2,3,2,2,1,2,2,1,1
152,19,0,1,3,4,3,2,2,2,4,1,1,3,4,4,3,4,4,2,1,1,1,2,3,3,1,1,1,3,1,3,1,1,3,1,1,1,1,3,1,2,3,1,2,1,1,1,2,4,3,4,4,4,1,4,1,1,4,1,1,1,1
153,19,0,1,1,3,3,1,2,2,4,2,3,4,4,3,4,3,3,2,4,1,2,2,1,2,1,1,1,4,1,3,2,3,1,4,2,1,1,2,1,1,2,1,2,1,1,2,3,4,3,3,4,1,1,3,1,1,1,3,1,3,1
154,19,1,1,3,3,2,2,1,2,3,2,4,1,3,2,3,3,3,2,2,1,2,3,2,1,1,2,1,3,2,2,4,4,1,1,4,3,2,1,1,2,1,1,1,1,1,1,3,4,3,2,3,2,1,3,1,1,1,3,2,2,1
155,20,1,1,3,4,2,1,3,1,2,3,2,3,4,3,3,2,3,2,4,2,1,2,2,2,2,2,2,4,3,3,3,3,1,4,4,2,2,2,1,1,1,1,3,2,1,2,4,2,2,2,2,3,1,2,2,2,1,1,2,2,2
156,24,0,1,2,3,3,1,1,2,3,2,2,4,3,4,4,3,4,1,2,2,3,3,3,3,2,2,2,3,3,3,2,3,3,2,2,2,2,2,1,1,1,1,2,2,2,2,1,4,3,3,3,3,2,3,2,2,2,3,3,2,2
157,19,0,2,1,2,2,1,1,2,3,1,4,2,4,4,3,2,3,1,4,1,3,2,2,1,1,1,2,3,2,4,3,4,3,4,1,2,2,1,1,2,3,2,3,1,2,3,2,4,4,2,3,4,1,3,1,2,1,2,2,2,2
158,19,0,1,3,3,2,3,3,2,3,3,3,3,4,3,3,3,3,2,4,2,2,3,1,2,1,2,2,3,1,3,3,2,4,2,2,2,1,3,1,2,2,1,1,1,2,4,3,4,4,4,3,4,2,3,1,2,3,2,1,2,2
159,19,0,1,3,3,3,2,3,2,3,3,2,4,2,3,2,3,4,1,3,2,2,1,1,1,1,3,1,3,1,2,3,2,2,3,2,1,1,2,3,1,1,1,3,1,1,3,4,1,3,2,4,3,2,2,3,2,2,3,3,4,2
160,20,0,1,4,3,3,1,2,3,4,2,4,3,4,3,4,3,4,2,4,2,2,4,1,1,1,1,1,4,4,4,4,1,4,4,4,2,1,3,2,2,3,2,1,1,1,3,4,1,4,4,3,4,1,3,1,1,2,2,1,1,1
161,19,1,2,3,2,3,3,2,2,3,3,3,2,3,3,3,3,2,3,3,2,2,3,1,2,1,2,1,4,1,3,2,3,2,2,2,1,2,2,1,2,1,2,2,1,2,3,3,3,4,4,3,2,2,3,2,2,2,2,2,2,1
162,21,1,1,4,3,2,1,3,2,2,2,2,2,3,3,3,3,4,2,4,2,2,1,1,4,1,2,1,4,3,3,3,3,3,1,3,3,2,3,1,3,3,1,2,1,1,2,2,4,2,2,3,4,2,2,1,1,2,2,1,2,2
163,19,0,2,3,3,2,2,3,2,2,1,3,3,2,2,2,2,3,2,3,1,2,2,2,2,2,2,2,2,3,3,3,3,2,3,3,3,2,3,2,3,2,1,1,2,2,3,3,3,4,2,4,3,2,1,2,2,2,2,2,2,2
164,18,1,1,3,1,3,3,2,1,3,3,3,4,3,3,4,3,4,3,3,2,1,1,2,1,2,2,2,3,3,2,3,3,4,2,1,1,3,3,1,3,3,2,2,3,3,4,2,2,4,1,2,2,3,2,2,2,3,2,2,2,1
165,20,0,1,2,4,2,1,2,3,2,2,3,1,1,4,4,3,4,1,2,2,4,4,3,4,2,2,2,4,3,3,2,4,4,2,2,3,2,2,1,1,2,2,2,2,2,1,4,4,4,2,4,4,2,4,2,2,2,1,2,2,2
166,18,1,1,3,3,4,4,2,1,4,1,2,2,4,3,3,4,4,3,3,1,1,3,1,2,2,1,1,4,1,3,3,3,1,3,1,1,1,2,1,2,2,1,2,1,1,2,2,1,4,2,3,4,1,2,3,1,1,2,1,2,1
167,20,1,3,2,3,2,2,2,3,2,3,3,4,3,3,3,3,3,2,3,2,3,3,3,3,2,3,2,3,3,3,3,3,2,2,3,2,2,3,2,2,3,2,3,2,2,3,3,3,4,3,3,3,2,3,2,2,2,3,3,3,2
168,18,1,1,4,4,2,1,3,1,1,2,3,4,4,4,4,2,4,2,4,1,1,2,2,3,1,3,2,4,2,3,3,3,4,1,4,3,2,2,1,2,4,1,1,2,1,3,4,1,4,3,4,4,3,3,2,2,2,4,2,2,2
169,18,0,1,3,3,3,1,3,3,2,2,,2,3,3,3,3,3,3,4,3,4,2,2,2,2,3,2,3,2,2,4,3,3,3,2,4,2,2,4,2,3,1,1,1,1,2,2,1,1,1,2,1,1,1,2,2,3,2,3,2,1
170,20,0,2,3,3,4,1,1,3,3,2,4,2,4,4,4,4,3,2,4,2,4,2,1,2,2,3,1,4,2,2,3,4,1,4,3,2,2,2,2,2,3,1,2,1,1,3,4,3,4,3,4,4,1,2,2,2,2,3,4,3,1
171,22,1,1,2,4,3,3,1,2,3,2,2,3,4,4,3,3,3,1,3,2,1,2,2,2,1,2,1,3,2,3,3,4,1,2,1,1,2,1,1,2,2,1,1,1,1,3,3,4,3,3,3,4,1,4,2,2,3,2,2,1,2
172,19,1,1,3,1,2,2,2,2,1,3,2,2,2,3,3,4,2,4,3,4,2,2,2,3,1,2,1,2,3,2,2,3,3,2,2,2,4,3,1,2,2,1,4,2,2,1,2,4,2,2,1,3,3,3,2,3,1,2,3,3,2
173,19,0,1,1,3,1,1,2,2,2,3,2,3,4,3,3,3,4,3,3,1,2,3,2,4,2,1,1,3,3,2,2,3,3,4,1,2,2,1,1,2,2,1,3,2,2,3,3,1,2,2,4,1,1,3,2,2,2,3,2,3,3
174,21,1,1,2,4,4,2,4,1,3,4,4,1,4,4,3,2,4,1,4,1,,3,1,4,1,1,1,3,1,4,1,2,3,4,1,1,2,4,2,1,4,1,3,2,1,1,3,1,1,1,1,4,1,3,1,1,3,3,1,3,1
175,27,0,1,2,2,2,3,3,2,3,3,4,4,3,3,4,3,3,2,3,2,3,3,1,2,3,2,2,4,3,3,3,4,3,3,4,3,2,2,1,3,3,1,2,2,2,3,3,2,3,2,4,3,2,2,2,2,2,3,2,2,2
176,18,1,1,4,3,3,1,2,2,3,3,3,4,4,3,4,3,3,3,3,2,2,3,2,2,2,1,1,3,3,3,3,4,4,3,4,3,1,1,2,2,2,2,2,1,1,2,4,1,4,4,4,3,2,3,2,2,3,3,2,1,2
177,18,0,2,3,4,3,1,3,2,4,4,3,2,3,4,3,3,3,2,4,3,3,3,1,2,1,2,1,4,3,2,2,2,4,3,3,1,2,2,2,1,4,2,2,1,3,3,1,4,2,3,3,4,2,3,3,2,2,2,3,2,2
178,19,1,2,4,4,3,3,3,4,2,2,4,1,4,4,4,3,3,3,4,3,1,2,2,1,2,1,1,4,2,3,3,4,3,2,4,3,1,1,2,3,2,2,1,1,2,3,3,1,4,2,4,4,2,1,1,2,1,4,2,1,1
179,21,1,1,3,3,3,3,3,1,2,2,2,4,4,3,4,4,3,2,4,1,1,3,2,1,1,2,1,4,3,4,3,3,4,4,2,1,2,2,1,1,3,1,2,1,1,4,2,3,4,3,2,4,1,1,2,2,1,4,2,2,2
180,18,0,1,4,3,2,2,1,3,3,3,2,1,3,2,4,3,2,2,4,1,1,3,2,1,2,2,2,4,2,3,3,4,1,1,3,2,2,1,1,3,2,1,1,2,2,3,3,1,5,4,5,2,2,3,2,2,2,3,2,2,2
181,19,0,2,4,2,2,2,2,4,3,1,2,4,4,4,3,3,4,3,2,3,2,3,2,2,2,2,2,4,1,3,2,4,3,2,1,1,2,3,2,2,3,1,2,1,1,2,3,1,4,3,4,1,2,2,2,2,1,4,3,1,1
182,21,1,1,4,4,3,2,2,3,3,2,4,3,4,2,3,3,4,2,4,2,3,3,1,3,2,2,1,3,1,3,2,2,3,4,3,2,2,2,1,2,3,2,2,1,2,3,3,2,4,3,3,4,2,3,3,1,3,2,2,3,1
183,21,0,2,3,4,3,2,2,2,2,1,3,3,2,4,2,3,4,2,4,3,4,2,3,3,3,2,2,3,3,4,3,4,2,2,1,3,2,2,1,3,2,2,2,1,2,2,2,1,3,3,3,4,2,2,2,2,2,2,2,2,2
184,20,0,1,3,3,3,1,2,3,3,1,3,4,3,4,3,4,1,2,1,2,2,4,2,2,1,3,2,4,1,4,3,3,1,4,1,4,1,1,1,1,1,1,1,1,2,2,3,1,4,3,4,1,1,3,2,2,2,3,2,2,2
185,18,0,1,3,3,3,2,3,2,3,2,3,3,4,3,3,4,4,3,4,2,4,3,2,4,1,3,2,3,2,2,2,3,3,2,2,2,2,3,1,2,2,2,2,2,1,3,3,1,4,3,3,2,2,2,2,2,1,1,3,3,2
186,18,1,2,4,3,2,3,1,2,2,1,3,4,2,1,3,3,2,2,2,3,3,3,2,1,1,2,1,4,2,2,4,4,3,3,4,2,2,2,1,1,1,1,2,1,2,4,2,2,4,2,3,2,2,1,2,2,2,3,3,2,2
187,24,1,1,2,3,3,2,2,1,3,1,3,3,3,4,2,3,4,3,2,3,2,2,3,4,2,3,2,3,1,2,3,2,3,2,1,3,2,2,1,1,3,2,4,2,2,2,1,2,3,3,4,3,2,2,2,2,2,1,2,2,2
188,18,0,3,3,3,2,2,2,3,2,4,3,1,3,4,4,3,4,3,4,4,2,2,1,2,2,3,3,4,2,3,3,2,3,4,3,3,2,1,1,3,3,3,2,1,2,3,2,4,4,2,4,4,2,3,3,2,2,3,4,1,2
189,18,0,1,4,3,3,2,2,1,4,2,3,3,4,2,4,4,4,3,2,3,2,3,2,3,4,2,2,4,3,3,3,2,4,1,3,1,2,3,2,2,2,2,2,1,2,2,3,2,4,4,4,1,2,1,3,2,1,2,3,2,2
190,18,1,2,4,4,1,1,2,1,1,4,2,2,4,4,2,1,4,1,4,4,3,2,3,1,2,3,3,3,4,2,1,1,1,2,3,3,3,2,3,4,1,2,2,3,1,3,2,4,3,1,4,4,3,3,4,2,2,3,4,1,1
191,21,0,1,1,4,4,4,4,1,2,1,4,4,2,1,4,1,2,2,4,2,2,3,2,1,4,2,1,4,1,4,1,4,4,4,2,4,2,1,1,2,4,2,2,2,2,2,4,1,2,4,2,1,2,1,2,2,2,2,2,3,2
192,20,0,1,2,3,2,2,2,1,1,4,1,2,4,1,4,3,4,4,4,2,1,2,1,3,1,1,1,2,3,2,3,3,1,4,3,3,1,3,2,3,3,1,4,2,1,3,3,1,2,1,3,4,2,2,1,2,1,3,1,4,1
194,38,0,1,2,3,3,1,2,3,3,1,1,4,4,3,4,3,3,3,4,1,2,2,1,3,2,1,1,3,3,4,3,3,4,2,2,2,1,2,1,2,3,1,2,1,1,2,3,1,4,3,4,2,1,2,1,1,2,3,1,1,2
195,18,0,1,4,2,3,1,2,3,3,2,2,4,4,3,4,3,4,2,4,2,1,4,2,1,1,3,1,4,2,3,3,2,4,4,3,1,2,2,1,3,4,1,2,1,1,3,4,2,4,4,4,2,2,1,2,2,3,3,3,1,2
196,19,1,2,3,4,3,2,1,3,3,2,4,2,4,4,4,3,4,3,4,1,2,3,3,4,1,3,2,4,3,3,3,4,4,4,3,2,1,2,1,2,3,2,1,1,1,2,4,4,4,3,4,3,2,3,3,2,1,3,2,2,2
197,19,1,1,4,3,2,2,2,2,3,2,2,1,3,1,3,3,3,2,4,2,2,2,2,2,2,2,2,4,3,2,1,3,3,2,3,3,2,2,1,3,3,2,2,1,1,2,3,4,2,3,3,4,2,2,2,1,1,2,2,1,1
198,21,0,3,4,3,4,1,2,1,4,3,4,4,4,3,4,2,4,3,4,2,1,3,1,2,3,2,2,4,3,4,4,3,1,4,4,2,2,3,2,3,3,3,2,3,2,4,4,4,4,2,3,2,2,2,3,2,3,3,3,2,1
199,28,1,2,4,3,1,1,3,3,4,3,1,4,3,4,3,3,4,2,3,3,4,3,2,4,1,2,2,4,3,3,4,3,2,3,4,1,2,2,1,3,4,1,1,2,2,3,4,3,4,3,2,3,2,2,1,2,3,2,3,2,3
200,22,0,1,4,3,3,2,1,2,3,2,3,2,4,3,4,4,4,3,2,3,3,4,1,3,2,2,1,4,4,4,4,3,4,2,4,2,1,2,2,2,3,1,2,1,2,3,3,1,4,4,4,3,1,3,2,2,3,1,2,2,1
201,20,0,2,3,3,3,3,1,1,2,1,2,4,4,3,3,3,4,3,4,2,1,4,4,1,1,2,2,4,2,3,3,3,4,2,3,2,2,2,2,3,2,2,2,1,1,2,3,4,4,3,4,1,2,2,2,2,1,3,2,2,2
202,20,0,1,3,2,1,3,3,1,3,1,3,3,3,3,4,2,1,2,3,1,3,3,1,4,3,4,1,4,3,4,4,2,4,4,4,3,1,1,1,3,2,3,2,1,2,3,2,4,4,4,3,2,1,1,2,2,2,3,3,1,1
203,18,1,1,2,3,2,1,1,2,3,3,2,2,4,4,2,3,2,2,3,2,2,2,1,3,2,1,1,3,3,2,3,2,1,2,3,2,1,3,1,3,2,2,1,1,2,3,2,2,4,3,4,3,2,4,2,4,1,2,2,1,1
204,18,1,2,2,3,2,2,2,1,4,3,2,2,3,4,3,4,4,3,4,1,2,3,2,4,1,2,2,3,1,2,2,3,1,1,2,1,2,3,2,2,3,1,4,2,1,2,2,4,2,3,2,3,2,4,2,1,2,2,2,4,3
205,23,1,2,3,3,3,2,2,3,3,2,4,3,3,2,3,3,2,2,3,3,3,2,2,1,1,2,2,3,2,3,1,2,4,2,3,3,2,3,1,2,3,3,2,2,4,3,3,4,3,3,2,3,2,3,1,3,1,3,3,3,2
206,19,0,2,3,4,3,4,3,2,3,1,1,4,4,2,3,3,4,2,4,2,2,2,2,3,1,2,2,4,1,2,3,4,3,2,1,3,2,1,1,2,3,2,2,2,2,1,3,1,2,3,3,4,2,3,2,2,2,3,2,3,2
207,23,0,1,4,3,2,1,3,3,2,1,2,3,2,3,3,2,4,2,4,2,2,2,2,3,1,1,2,2,3,3,1,2,2,2,2,2,2,3,4,2,2,2,1,2,3,2,4,4,2,3,3,2,2,3,1,2,3,2,1,2,2
208,20,1,2,4,4,3,2,2,3,3,4,1,3,3,4,2,4,2,3,2,1,2,3,2,3,1,2,2,4,2,3,2,3,4,1,1,1,2,1,2,2,4,1,2,1,2,3,3,4,4,4,4,3,1,4,2,1,3,2,2,1,2
209,18,0,1,2,4,1,1,4,1,2,1,3,4,3,2,4,2,3,3,4,1,3,3,4,2,4,4,1,4,3,4,3,2,1,2,2,3,1,1,1,3,3,2,3,1,1,2,3,1,2,4,2,4,1,1,1,2,2,4,1,3,2
210,20,0,1,2,2,2,4,1,2,2,1,2,2,4,3,3,3,4,3,4,2,2,3,2,2,3,2,2,4,3,3,3,3,4,3,4,2,2,3,1,3,4,2,2,2,2,3,3,3,4,4,4,3,2,2,2,2,2,3,3,2,2
211,23,1,1,2,4,3,2,1,3,3,2,2,4,4,3,4,3,3,2,4,1,2,2,1,2,1,1,1,2,2,3,1,3,1,1,2,1,1,1,1,2,3,1,2,1,2,2,2,4,2,3,2,3,2,4,2,1,2,3,1,2,2
212,18,0,2,3,3,2,1,3,2,2,1,3,1,2,2,4,2,2,1,4,2,2,2,2,2,2,2,1,3,3,3,2,4,1,4,3,2,1,2,1,3,2,1,2,1,1,3,4,4,4,3,4,3,2,2,2,2,2,3,2,2,2
213,18,0,4,3,2,4,3,2,1,1,2,1,2,3,4,2,3,2,2,1,4,1,2,2,3,1,4,4,2,2,2,2,2,3,2,2,2,2,2,2,1,3,3,3,2,3,2,2,4,2,2,1,4,3,4,4,3,3,3,3,2,2
214,21,1,2,2,4,2,3,2,2,2,3,3,3,2,3,3,3,3,3,4,2,3,2,2,4,2,2,1,3,2,2,3,4,3,2,2,3,2,1,1,3,3,2,2,2,2,3,2,3,3,3,3,4,2,3,2,2,2,3,2,1,1
215,20,0,1,2,3,4,3,1,2,4,3,2,3,4,3,4,3,4,2,3,1,2,4,1,3,2,1,1,4,1,4,3,3,4,2,3,1,1,1,1,3,3,1,1,1,1,3,4,4,4,4,4,2,1,3,1,2,1,3,2,2,1
216,18,1,2,3,3,3,4,3,2,1,2,2,1,3,2,2,3,4,3,3,2,3,3,2,3,2,2,2,3,2,3,3,4,2,3,3,3,3,2,2,3,2,2,2,3,2,2,4,3,4,2,2,2,2,2,3,2,2,2,2,2,2
217,18,0,1,4,4,3,3,1,2,3,1,3,3,4,3,4,1,2,3,4,2,2,2,2,1,2,2,2,4,3,2,3,2,4,1,3,1,1,1,1,3,1,3,1,1,2,2,4,1,4,2,4,1,2,1,2,2,1,2,2,2,1
218,19,0,1,2,2,2,1,1,2,3,1,3,2,4,4,3,4,4,2,4,2,2,3,2,2,2,3,1,3,2,3,3,4,4,2,3,2,1,3,1,3,4,3,1,1,2,3,4,2,4,3,4,4,2,2,3,2,1,3,3,4,1
219,19,1,1,3,4,4,1,2,3,4,2,2,3,4,4,3,3,3,2,4,2,3,2,2,4,2,2,2,2,2,3,3,1,4,1,2,1,1,3,1,2,3,2,2,2,3,3,3,4,4,3,3,3,2,3,2,2,2,2,2,2,1
220,23,1,1,3,4,3,3,4,1,2,3,3,2,1,4,3,3,3,4,4,1,1,3,1,4,3,2,3,3,4,3,3,4,1,2,2,3,2,1,3,2,4,1,3,2,1,1,4,4,3,1,2,4,2,3,2,2,2,3,2,3,2
221,22,0,2,4,2,2,1,3,2,3,1,4,4,2,4,4,3,4,1,1,2,3,2,2,3,1,2,2,3,4,3,2,4,2,4,4,2,2,1,1,2,4,2,2,2,1,1,2,1,2,3,3,4,2,4,2,3,2,1,2,3,2
222,19,1,2,3,3,4,4,2,1,3,2,2,3,3,4,3,4,2,3,1,2,1,4,2,4,2,2,2,3,1,4,2,3,3,4,2,3,2,2,1,1,2,1,3,2,1,2,3,4,2,3,3,4,2,2,2,2,2,4,2,4,1
223,20,1,2,2,3,3,3,1,3,2,1,2,3,4,3,2,3,2,3,4,2,1,3,2,3,1,2,2,3,3,2,1,3,3,3,2,3,2,3,1,3,2,2,2,1,2,3,2,2,4,2,4,2,1,3,2,1,2,2,2,1,2
224,19,0,1,4,2,2,4,2,2,1,2,4,3,4,3,3,4,4,3,1,2,2,3,1,2,2,1,1,3,2,2,3,4,1,4,3,1,1,2,1,2,2,1,2,1,1,2,4,1,3,2,2,4,1,2,1,2,2,2,1,1,1
225,19,0,1,2,4,3,1,1,2,1,3,1,4,3,4,3,2,4,2,4,1,3,4,2,4,1,2,1,4,2,2,4,3,3,2,1,1,2,2,1,2,4,1,1,1,1,3,4,1,3,2,4,2,1,3,1,2,1,1,2,2,2
226,18,1,1,4,3,2,2,1,1,2,3,1,4,4,2,4,3,4,1,4,3,3,2,4,1,2,2,1,3,1,3,2,3,1,2,1,1,2,1,1,1,3,2,2,1,2,3,4,4,3,4,3,4,2,4,2,2,3,3,1,2,1
227,19,0,2,4,2,1,4,2,1,2,1,1,4,3,4,2,2,4,2,4,2,3,3,3,3,1,2,2,2,2,2,2,2,3,2,1,2,2,3,2,2,2,2,2,2,3,3,2,2,3,3,3,2,3,2,2,1,2,3,3,3,2
228,18,0,1,3,4,2,1,2,3,2,3,4,3,4,1,4,4,4,1,4,1,2,2,1,3,1,2,1,4,1,2,2,4,1,4,2,2,1,2,1,2,2,1,1,1,1,3,4,2,4,2,4,2,1,2,2,1,1,4,1,2,1
229,18,1,2,3,2,3,3,3,1,3,2,3,3,4,3,3,3,3,2,2,3,2,3,2,3,2,2,2,3,4,3,2,3,3,3,2,2,3,2,2,2,4,2,2,2,2,2,3,1,3,3,3,3,3,3,2,2,2,2,2,2,2
230,21,0,1,2,3,3,1,2,4,3,2,4,2,4,3,4,2,4,3,4,3,1,2,1,2,2,2,3,4,3,4,4,3,1,3,3,2,2,3,1,1,4,3,2,2,2,2,4,1,4,3,4,4,2,1,2,3,1,3,3,2,1
231,21,0,2,1,3,2,4,2,1,2,3,2,1,1,1,3,1,4,1,4,2,1,2,1,1,1,2,1,3,1,2,1,3,3,1,1,3,2,1,4,2,3,4,2,2,1,2,1,1,1,2,1,2,2,2,2,2,1,1,2,2,2
232,20,0,2,4,3,3,2,2,3,4,4,2,4,4,3,4,3,4,2,4,2,2,1,1,3,1,1,1,3,1,2,2,2,4,2,1,1,1,2,1,3,2,1,1,1,3,2,1,3,4,3,3,2,1,3,2,2,2,2,2,1,1
233,21,0,2,1,3,3,2,2,4,3,2,4,4,4,3,4,3,4,3,4,2,2,4,2,2,1,1,1,4,3,4,4,1,1,4,2,2,1,2,1,3,1,1,1,1,1,3,4,2,4,2,4,2,1,2,3,1,3,1,2,1,2
234,21,1,2,1,4,1,1,2,1,2,1,3,1,2,3,2,4,3,2,3,2,2,3,1,1,2,2,1,3,1,2,2,4,3,4,4,3,2,1,2,3,4,1,2,1,2,3,1,4,1,3,1,4,1,2,1,1,1,2,1,2,1
235,21,0,1,4,4,3,3,3,2,4,1,2,2,4,2,4,1,4,1,1,1,1,1,1,2,1,3,1,4,1,2,1,3,2,4,1,1,1,1,3,1,1,1,1,1,1,4,2,2,4,4,4,1,1,3,3,3,1,4,2,2,1
236,20,0,2,3,3,2,2,2,2,2,2,3,2,4,4,3,3,3,2,4,3,3,2,2,4,2,2,2,3,3,3,2,3,3,3,3,2,3,2,1,3,3,2,2,3,3,3,2,4,2,3,3,2,2,4,2,2,2,3,3,2,2
237,21,0,1,2,3,3,2,2,2,3,1,3,3,3,3,4,3,4,3,4,2,2,3,1,2,2,2,1,4,3,4,3,3,2,3,3,2,2,3,1,4,2,1,1,1,1,3,4,4,4,3,3,1,1,3,1,2,2,3,2,2,2
238,19,1,2,3,1,3,1,1,2,3,2,2,4,4,2,4,3,3,2,2,3,1,3,1,1,1,2,2,3,3,4,3,4,3,2,3,2,2,1,1,3,1,1,1,2,2,1,3,1,3,3,4,2,2,2,1,2,1,4,2,2,1
239,20,0,2,1,2,1,4,3,3,2,4,1,4,1,4,4,4,2,2,4,2,1,1,2,2,2,3,1,4,1,2,3,4,4,2,2,2,2,1,1,2,4,1,1,2,1,1,3,4,4,2,4,2,2,4,2,2,4,4,3,2,2
240,18,1,2,1,2,2,1,2,1,2,1,2,4,4,1,3,2,4,1,1,1,1,4,3,3,1,3,1,4,2,3,1,2,3,4,2,1,2,1,1,3,4,1,2,1,1,1,4,4,4,3,4,3,1,4,1,1,1,3,2,2,1
241,21,0,1,1,4,3,2,1,2,4,1,1,3,4,1,4,3,2,3,4,1,1,3,1,1,1,1,1,4,1,4,3,3,4,4,3,1,2,2,1,2,,1,2,1,1,2,3,2,4,3,3,2,1,1,1,1,1,1,2,1,2
242,20,0,2,1,2,2,3,2,3,2,4,3,4,4,3,3,2,3,2,1,2,3,1,2,1,1,2,2,4,3,2,2,1,4,4,1,2,2,3,1,2,1,1,1,1,1,2,1,4,3,3,3,1,2,3,2,1,2,3,2,1,1
243,20,1,1,3,3,3,2,2,2,2,3,3,3,4,3,4,3,3,2,2,2,2,3,2,3,2,2,1,2,3,3,3,2,3,2,4,2,3,2,1,2,2,1,1,3,2,2,3,3,3,2,3,2,2,2,2,2,2,3,3,3,2
244,20,1,2,2,3,2,2,2,1,2,2,3,2,4,3,3,2,3,2,2,2,3,2,2,1,2,2,2,3,2,3,3,3,2,4,3,2,2,2,2,2,2,1,2,2,2,3,3,3,3,3,3,2,2,3,2,2,1,4,2,3,2
245,22,0,,3,3,2,2,2,3,1,1,3,2,3,3,3,3,3,3,4,2,2,2,2,2,3,2,2,3,4,3,3,4,3,4,4,4,3,2,4,3,1,2,2,1,2,2,3,1,3,3,3,3,3,2,3,2,2,,2,2,2
246,21,0,1,2,2,4,1,2,2,3,2,3,1,3,2,4,4,3,2,4,2,2,3,2,1,2,2,2,3,2,3,3,3,2,2,3,2,2,2,1,2,1,2,2,2,2,3,3,2,2,2,3,2,2,3,2,2,2,3,2,3,2
247,19,1,1,3,4,3,4,3,2,4,2,2,4,4,4,1,3,4,3,2,1,1,2,2,4,2,1,2,2,2,2,2,2,2,1,1,4,1,2,2,2,3,2,2,1,2,3,1,4,3,2,2,4,2,3,2,2,1,4,2,3,2
248,19,0,2,1,3,2,4,2,1,2,2,1,2,2,2,4,2,3,1,4,2,1,2,1,2,2,1,1,3,2,2,1,4,3,2,1,2,2,1,1,1,2,3,4,2,1,1,4,4,2,3,1,4,2,3,2,1,1,4,1,4,1
249,21,0,1,3,1,3,3,2,3,2,4,2,1,4,4,3,2,4,3,4,1,3,4,1,1,1,1,2,3,4,3,3,2,1,2,1,3,4,2,2,3,3,1,1,1,1,3,4,4,4,3,3,2,1,4,2,2,2,2,2,1,3
250,20,0,2,2,2,3,2,2,1,2,3,2,1,3,3,,3,3,2,4,2,3,2,2,4,1,3,2,4,2,2,3,4,4,4,3,2,2,3,1,3,1,3,2,2,2,3,3,2,4,3,3,2,3,3,2,2,2,2,3,2,2
251,29,1,1,4,2,2,4,2,1,3,2,1,3,4,3,4,3,4,2,4,1,1,2,2,2,1,1,1,2,3,2,4,3,3,1,2,1,2,3,4,2,1,1,1,1,1,2,2,4,3,1,2,2,1,2,2,2,1,2,1,2,1
252,,1,1,4,3,3,1,1,1,2,2,1,1,3,1,3,1,3,2,4,1,1,1,4,1,1,1,1,2,2,1,1,3,4,1,1,2,1,1,1,1,1,1,4,1,1,3,3,1,3,2,3,2,1,4,1,3,2,3,2,2,1
253,25,1,1,2,4,1,1,3,1,4,4,1,1,2,4,4,2,4,1,4,1,2,2,2,1,1,2,1,2,3,3,2,4,1,4,2,1,3,1,1,1,1,1,1,1,1,2,2,4,1,1,4,4,2,4,1,2,2,2,3,3,2
254,22,0,1,1,1,1,3,2,1,4,4,1,1,4,4,4,2,4,4,1,1,4,1,3,1,1,1,1,4,1,1,1,2,3,4,1,1,1,3,1,1,1,1,1,1,1,4,4,4,4,4,3,4,1,1,1,1,1,1,1,1,1
255,,0,1,1,4,1,2,2,2,3,2,3,4,4,1,4,4,4,3,4,3,1,4,1,2,2,2,1,4,4,4,4,4,4,4,2,1,1,1,1,2,1,1,1,1,1,3,4,1,4,4,4,2,1,2,2,2,1,4,2,3,1
256,22,0,4,1,4,1,1,2,2,4,4,4,3,4,4,1,3,4,3,3,4,1,4,4,4,1,2,3,2,2,1,2,1,1,1,1,1,1,3,1,1,1,1,4,3,1,1,1,4,3,3,3,4,3,4,2,3,3,2,3,4,4
257,24,0,2,3,4,2,3,2,2,,3,2,3,3,3,4,3,3,2,4,2,2,2,2,1,2,3,3,3,3,3,1,4,4,3,3,3,2,2,1,2,2,2,2,2,2,1,2,2,3,3,3,4,2,4,2,2,3,3,2,3,2
258,21,0,2,2,2,1,4,2,1,2,2,3,1,2,3,4,2,4,1,4,2,3,2,2,2,2,2,1,2,1,3,2,4,3,4,2,1,1,3,1,2,1,1,1,1,1,2,4,1,3,2,1,4,2,1,1,1,1,3,2,2,2
259,21,1,1,2,4,1,3,3,1,2,2,3,4,4,4,3,3,4,1,4,2,3,2,3,1,2,2,2,2,1,2,3,4,2,2,1,3,2,2,1,2,3,2,3,1,1,2,1,1,4,3,2,2,3,2,2,2,1,1,2,1,1
260,46,0,1,4,2,2,2,1,2,3,1,2,2,1,1,3,3,3,2,3,2,2,2,1,2,3,3,2,3,3,2,3,4,1,3,2,3,2,1,1,1,1,1,2,1,1,3,3,1,3,3,1,1,2,2,1,1,1,2,1,1,2
261,20,1,2,3,3,2,3,2,1,3,4,2,1,3,2,3,2,4,2,4,1,1,2,3,3,2,2,2,1,1,4,3,3,4,1,1,2,2,3,1,2,3,2,3,1,1,3,4,1,2,3,2,4,3,2,2,1,2,2,2,2,2
262,21,1,1,1,2,2,3,1,2,2,3,2,2,3,2,1,2,4,3,3,3,2,2,2,1,3,2,1,4,2,1,2,3,4,4,3,4,2,3,1,2,3,1,2,2,2,1,4,4,3,2,4,2,2,1,2,2,1,3,3,2,1
263,23,0,1,1,2,2,1,2,2,3,1,2,1,3,2,4,3,1,3,4,1,1,1,1,1,1,1,1,3,1,3,3,1,3,2,1,4,1,2,1,1,1,1,1,2,1,2,2,1,4,4,4,2,1,1,1,1,1,4,1,2,2
264,23,1,1,4,2,3,3,2,1,4,3,1,4,4,1,4,3,4,2,1,1,1,3,1,1,1,1,1,4,1,2,1,2,4,1,2,1,1,1,2,1,1,1,1,1,1,3,3,1,4,3,3,1,1,2,1,1,1,3,1,1,1
265,43,1,1,4,2,2,1,2,1,2,2,1,2,4,3,4,3,3,2,3,2,2,4,2,1,2,2,1,3,2,2,2,2,3,4,4,2,2,3,1,2,3,2,1,2,1,1,1,1,2,1,4,2,2,2,2,3,1,4,2,1,1
266,23,1,2,4,2,1,3,2,1,1,2,3,3,2,2,3,3,2,4,4,2,1,1,3,2,3,2,1,4,3,3,3,3,4,1,3,2,3,3,1,1,1,2,2,3,2,1,2,1,3,3,4,4,3,2,2,2,2,3,2,2,1
267,23,0,1,3,2,4,1,1,1,4,2,1,3,3,3,4,4,3,1,2,1,2,3,1,1,1,1,1,3,1,3,2,3,2,3,2,1,1,1,1,2,1,1,3,1,1,3,3,3,3,2,3,1,1,2,1,1,1,3,1,2,2
268,21,1,2,1,2,1,3,4,1,2,1,1,1,4,3,3,1,4,2,4,1,2,3,3,2,1,2,1,2,1,1,2,3,1,3,1,2,2,3,1,1,1,1,3,1,1,1,4,4,2,2,3,4,2,4,2,1,2,2,1,1,2
269,20,1,1,3,2,3,4,2,1,3,3,2,1,3,2,3,3,2,3,4,2,3,1,1,3,2,2,2,3,2,2,2,2,3,4,3,1,2,3,2,2,2,2,4,2,2,3,2,3,3,3,3,3,2,3,2,2,1,2,2,1,1
270,22,1,1,3,4,2,3,3,2,1,2,4,3,2,2,3,2,4,4,4,3,1,2,3,1,2,4,2,3,3,2,3,2,4,4,4,2,4,1,1,3,1,2,2,1,3,1,3,2,3,3,4,3,3,2,3,3,1,3,2,2,2
271,20,1,2,3,2,2,3,2,2,2,3,4,2,3,4,3,2,2,2,4,3,1,1,3,4,3,3,2,3,3,2,3,3,3,3,3,3,3,2,2,3,4,2,1,3,2,3,3,4,3,1,4,4,3,3,2,2,3,3,3,2,2
272,20,0,2,3,3,3,1,2,2,3,3,1,3,4,4,3,2,4,1,4,2,4,1,2,2,1,2,2,3,2,2,3,3,3,4,1,1,3,2,1,1,3,2,2,2,2,3,3,4,2,3,3,4,2,3,2,2,3,3,2,2,3
273,21,0,1,3,2,4,2,1,1,4,3,2,1,4,2,4,4,3,2,4,1,2,3,1,2,2,1,1,4,2,3,3,4,1,3,3,2,1,2,1,1,1,1,1,1,1,3,4,4,4,3,3,2,1,2,1,1,1,4,1,2,1
274,21,1,1,2,3,2,2,2,2,3,4,2,3,4,3,4,2,3,2,4,3,1,2,1,2,3,3,1,3,2,3,3,3,3,2,3,1,1,2,1,2,1,2,2,1,1,2,3,1,4,4,3,3,2,2,2,2,1,4,2,2,1
275,20,0,1,1,3,3,4,2,1,3,2,2,1,1,4,2,1,3,1,1,1,3,1,2,2,3,2,1,3,1,2,3,2,3,3,2,2,2,3,1,3,4,2,1,2,1,2,4,4,2,2,3,4,2,4,2,2,1,1,2,1,2
276,25,0,1,2,3,3,3,1,1,3,1,3,3,4,2,4,4,4,4,4,2,1,2,1,1,2,2,1,4,3,1,3,3,4,4,3,1,1,1,1,1,1,1,2,1,1,4,4,4,3,2,3,1,1,2,1,2,1,4,2,3,1
277,20,0,1,3,1,2,2,2,1,3,1,3,4,4,3,4,4,4,1,2,2,2,3,2,2,3,2,1,3,1,3,3,3,3,4,1,2,2,3,1,1,3,1,4,2,1,3,4,4,4,3,4,3,3,3,1,1,1,2,1,3,1
278,20,0,1,1,2,2,2,3,2,2,3,2,4,3,3,4,3,3,2,4,2,3,3,4,4,2,3,1,4,3,3,1,3,3,4,3,3,2,1,1,2,1,2,2,2,1,2,4,3,2,4,1,2,2,3,2,2,1,3,2,1,2
279,20,0,1,3,3,4,1,2,2,3,2,3,3,4,3,4,3,4,2,3,1,3,1,2,2,1,2,1,3,2,3,3,4,4,2,2,1,2,1,2,1,3,1,2,1,1,2,2,4,4,3,3,2,2,3,1,2,2,2,3,2,1
280,21,0,1,2,2,4,2,2,2,3,1,2,4,4,3,3,3,3,2,3,1,3,3,2,3,2,2,1,3,3,3,2,3,3,4,4,2,2,2,1,3,1,1,1,2,2,2,3,4,1,2,3,1,2,3,1,2,1,2,2,2,2
281,22,0,1,2,3,3,2,2,1,2,3,2,2,4,2,3,2,3,3,2,1,2,1,2,1,1,1,2,2,2,2,2,2,2,3,2,1,1,2,2,2,1,2,2,1,2,2,4,2,4,3,2,2,1,4,1,1,2,3,1,2,3
282,31,0,1,3,4,1,3,1,1,4,1,3,3,3,3,4,4,4,4,2,2,2,4,1,1,2,2,1,4,2,4,2,2,1,4,2,2,1,1,1,1,1,1,2,1,1,1,4,1,3,3,1,2,1,2,3,2,1,4,3,3,1
283,30,0,1,3,3,3,1,2,1,2,1,3,2,4,3,3,3,4,3,4,2,3,3,2,2,2,2,2,3,4,3,3,3,4,2,3,3,2,2,1,2,3,2,1,1,2,2,3,2,3,3,4,2,2,3,2,2,2,3,2,3,2
284,20,0,3,2,4,3,1,2,1,3,3,3,2,4,3,3,4,4,1,4,2,3,2,2,1,1,3,1,3,1,3,3,4,4,1,2,1,2,2,1,3,2,1,2,1,1,2,4,4,4,3,4,3,2,1,1,2,1,4,3,2,1
285,20,1,1,2,4,2,2,1,2,3,1,4,1,2,3,4,4,2,1,3,2,1,1,1,2,2,2,1,4,2,4,1,4,4,2,2,1,2,1,1,2,3,1,2,1,1,4,4,2,4,4,4,3,1,2,1,2,1,3,2,2,1
286,21,0,1,4,2,3,2,2,1,3,3,3,1,3,4,4,2,3,3,4,3,3,3,2,2,2,2,1,3,2,3,2,2,2,4,2,1,2,4,1,3,1,1,1,2,1,1,4,1,4,1,4,1,2,3,2,2,1,2,2,1,2
287,23,0,1,2,2,4,3,3,2,3,2,2,2,2,3,4,4,4,3,4,2,2,3,2,3,2,2,2,4,3,3,3,3,2,2,2,3,2,3,1,1,1,1,2,2,2,3,3,2,4,3,3,2,2,2,3,2,2,3,2,2,2
288,20,0,2,4,3,1,1,2,1,2,1,1,2,4,4,3,4,4,3,4,1,4,3,1,1,1,2,1,4,3,2,1,4,4,4,4,2,1,1,2,3,1,1,1,1,1,2,4,1,4,1,4,2,1,1,2,1,2,1,2,1,1
289,20,0,1,2,3,2,1,1,1,2,1,2,1,3,3,2,4,4,1,4,1,2,3,4,2,2,1,1,3,1,3,3,4,2,2,2,4,1,2,1,2,2,1,2,1,1,3,4,4,2,2,2,3,2,3,1,1,1,2,1,2,1
290,20,0,1,3,2,2,2,1,3,3,2,3,3,4,3,4,4,4,3,4,1,2,4,1,2,2,1,1,3,3,3,3,4,4,3,3,3,1,1,1,2,2,1,2,1,1,3,4,1,4,4,4,3,1,3,1,1,1,3,1,1,1
291,20,0,1,2,2,2,1,2,1,3,3,2,3,4,3,3,2,2,2,4,2,3,2,3,2,2,3,3,4,1,3,3,3,4,3,4,2,2,3,2,3,3,1,2,2,2,3,3,2,4,4,3,4,2,3,2,2,2,3,3,3,2
292,19,0,2,3,2,2,2,2,2,2,3,2,2,1,3,3,2,2,2,4,2,3,2,2,4,2,3,2,4,2,2,2,4,4,4,3,2,2,2,2,2,2,2,2,2,2,2,3,1,3,3,4,4,2,3,2,2,2,3,2,2,2
293,21,0,1,3,3,2,1,1,1,4,1,4,3,4,1,3,3,4,1,4,2,3,2,1,1,2,2,1,3,2,2,4,4,2,4,4,3,1,2,1,2,1,1,1,1,1,3,4,3,4,3,1,2,1,3,2,2,1,3,1,1,1
294,20,0,2,3,4,3,3,3,1,2,2,2,3,2,3,3,2,4,3,4,1,2,3,1,2,2,2,2,3,3,3,4,4,3,1,2,3,2,1,1,1,2,2,2,1,2,3,3,2,3,4,3,2,2,2,2,2,1,2,2,3,1
295,,0,2,4,2,4,3,2,2,3,2,4,3,3,3,3,3,4,3,4,1,2,3,2,2,2,2,2,4,3,3,3,3,3,4,3,3,2,3,4,3,2,2,1,2,2,3,3,2,4,3,4,2,2,3,2,2,2,3,2,2,2
296,24,0,1,3,2,4,3,3,2,3,2,3,2,4,2,4,4,3,2,4,1,2,4,1,1,2,2,1,3,1,3,3,3,2,2,3,2,1,1,1,2,1,1,3,1,1,2,3,1,4,1,2,2,2,3,1,1,1,2,3,3,1
297,26,0,2,2,2,1,1,2,1,2,2,2,3,4,3,2,2,2,3,4,2,2,2,4,2,3,2,3,4,4,2,3,3,2,3,3,4,1,1,1,2,1,2,1,1,1,4,4,3,4,3,4,1,3,1,2,2,1,2,2,3,1
298,30,0,1,3,3,4,1,1,3,2,1,4,3,4,4,4,3,4,2,4,1,1,2,1,2,2,1,1,4,2,4,4,3,3,4,4,1,1,3,1,1,2,1,1,1,1,2,4,4,4,3,4,4,1,3,1,1,1,4,2,3,2
299,27,0,2,2,4,2,3,3,2,3,2,3,2,3,2,3,3,4,2,3,2,3,2,3,1,3,3,2,3,1,2,3,4,2,3,3,3,3,3,1,1,2,1,2,2,2,2,4,2,2,4,2,4,3,2,2,2,1,2,3,4,1
300,19,1,2,4,3,3,3,2,3,4,4,3,2,4,4,2,3,3,2,3,2,4,2,2,4,2,2,2,3,1,3,2,3,3,2,3,1,2,2,2,3,2,2,2,2,2,3,3,3,4,2,3,2,2,3,2,2,3,2,3,2,2
301,25,1,1,3,3,2,3,3,2,3,4,4,2,2,4,4,3,3,1,4,3,3,3,3,2,3,3,3,3,3,3,4,4,2,3,4,4,3,1,2,2,3,2,2,3,3,4,4,2,4,2,2,3,3,3,3,3,2,2,3,3,2
302,18,0,2,1,4,2,1,3,3,,3,4,3,3,4,3,2,3,4,4,2,3,1,2,2,3,4,3,3,4,2,4,4,2,4,4,3,2,1,1,3,4,1,1,1,2,1,3,3,4,4,4,4,2,2,3,2,3,3,4,1,1
303,24,0,1,2,3,4,1,1,3,4,1,2,4,4,2,4,3,4,2,4,2,2,2,3,1,2,3,2,3,4,3,4,4,4,1,4,1,2,3,1,2,4,2,1,2,2,3,4,1,4,4,4,4,1,3,2,2,1,4,2,1,2
304,19,0,1,3,3,3,3,2,2,1,2,1,4,4,3,3,4,2,3,4,1,1,2,2,2,3,2,2,4,3,4,4,4,4,4,4,4,2,1,1,4,1,1,1,1,1,4,4,1,4,3,4,1,3,1,3,3,1,4,3,3,1
305,18,0,1,4,4,3,1,4,1,3,2,3,3,4,4,3,3,4,2,4,1,2,3,1,4,2,2,1,2,3,4,3,4,2,2,1,2,1,1,1,2,3,2,1,1,2,3,4,1,4,3,3,2,3,2,2,2,2,1,2,3,2
306,28,1,2,3,4,4,3,4,1,2,4,3,2,2,2,4,3,3,3,3,2,2,3,2,2,2,2,2,3,3,3,1,4,4,3,2,3,3,3,1,1,2,2,1,2,2,2,3,2,2,3,3,2,3,4,2,3,1,3,2,2,3
307,24,1,3,3,3,3,2,2,1,3,3,2,1,4,3,3,3,4,1,2,2,3,2,2,1,2,3,2,3,2,3,3,3,2,2,3,3,3,1,2,2,3,3,3,1,2,2,3,1,2,1,1,3,2,3,2,2,2,2,3,2,2
308,25,1,1,3,3,3,2,2,2,3,3,3,2,3,3,3,3,4,3,2,2,2,3,2,2,2,3,1,2,1,2,2,3,3,4,3,2,2,3,1,2,2,1,1,2,1,2,4,1,3,2,4,2,2,2,2,2,2,2,2,2,1
309,24,0,1,2,2,1,3,2,3,2,1,2,4,3,2,3,2,1,3,4,1,2,2,3,1,2,2,1,4,1,2,3,4,3,3,4,1,1,2,1,2,1,1,1,1,1,2,3,1,2,4,3,1,2,2,1,3,1,2,3,2,1
310,21,1,2,3,3,2,2,3,2,2,2,2,2,1,2,4,2,3,3,2,1,2,1,2,2,2,2,2,3,2,1,3,4,1,4,1,2,2,1,2,2,2,3,3,1,1,3,4,3,3,1,3,4,3,2,2,2,1,3,2,2,2
311,20,1,2,3,3,4,1,2,3,3,3,1,3,4,2,4,4,4,3,4,2,2,4,1,3,2,2,1,4,3,3,4,1,3,2,2,2,2,1,2,4,4,2,4,1,3,3,1,1,4,3,3,4,2,2,2,2,1,2,2,1,1
312,21,1,1,2,3,1,1,1,1,1,3,2,4,1,1,4,4,1,4,4,4,1,1,1,2,3,2,1,4,3,2,4,4,4,3,4,3,2,1,1,3,4,2,1,1,1,2,2,4,2,3,2,3,3,1,3,2,4,2,1,1,1
313,20,1,2,3,2,2,4,2,1,3,4,3,3,4,4,2,2,1,2,4,4,4,2,2,2,1,4,2,3,4,2,3,4,1,4,2,1,2,2,1,1,4,1,1,2,2,3,4,1,4,3,3,2,2,4,2,3,4,3,3,2,3
314,20,0,2,4,2,3,1,3,1,1,3,4,1,1,3,2,3,4,3,2,2,3,2,2,2,3,1,2,3,3,2,1,4,4,4,2,3,3,2,2,2,1,1,3,3,1,2,2,4,2,2,3,3,3,3,2,2,1,3,1,3,2
315,19,0,1,3,1,2,2,2,2,2,1,3,3,2,2,3,3,3,2,3,1,3,3,2,1,2,3,2,4,3,3,3,3,3,2,3,2,2,2,1,2,1,2,2,2,1,2,3,3,3,3,3,2,2,2,2,2,1,2,2,2,2
340,35,0,1,4,4,3,3,4,1,4,1,2,2,4,4,4,3,4,3,2,3,3,2,1,2,1,2,1,4,4,3,4,4,1,3,4,1,1,1,1,1,3,1,1,1,1,4,4,1,4,4,3,4,1,3,2,2,3,3,2,2,1
351,19,0,1,1,3,3,4,1,2,3,2,2,1,4,4,3,3,2,2,3,2,3,2,1,2,1,2,1,4,1,4,4,3,4,2,1,1,2,2,1,1,3,2,4,2,1,3,3,4,4,3,4,2,2,4,2,3,2,2,1,2,1
352,21,0,1,4,2,3,2,2,3,2,2,2,4,4,3,4,3,4,2,4,3,2,3,1,4,3,2,2,4,3,2,3,2,4,4,3,1,1,2,1,4,3,1,3,1,2,3,4,1,2,2,4,3,3,4,3,3,3,3,2,1,1
353,28,1,1,2,4,3,3,2,2,4,3,2,2,4,3,4,3,4,2,3,2,2,1,2,2,1,2,2,4,1,2,3,2,3,2,2,2,2,2,1,2,2,1,1,2,1,2,1,3,2,3,4,4,2,2,2,3,2,3,3,2,2
354,34,0,1,2,2,2,1,2,3,4,4,2,3,4,2,4,4,4,4,4,1,3,3,1,1,1,1,1,4,3,4,3,2,2,2,1,1,1,1,1,3,2,1,1,1,1,1,2,4,4,4,3,4,1,4,1,1,1,4,2,1,2
355,23,0,1,3,2,4,4,2,1,4,1,4,3,4,3,3,4,4,3,2,2,4,3,3,1,1,2,1,3,4,3,4,4,3,4,3,1,3,2,2,1,1,1,4,2,4,3,4,1,4,4,3,1,2,1,2,2,1,3,3,3,2
356,,,2,4,3,2,1,2,2,3,2,3,2,3,2,3,2,3,2,4,3,3,2,3,2,2,3,2,3,3,3,3,3,3,3,3,3,2,2,2,2,2,2,2,2,3,3,3,3,3,3,3,3,3,2,3,2,2,2,3,3,2
357,,0,1,4,4,2,1,1,4,4,4,4,1,4,4,4,3,4,3,4,2,3,2,3,1,1,1,1,4,1,1,1,1,3,4,1,1,1,1,1,3,3,1,1,1,1,1,1,4,4,2,4,4,1,3,2,2,1,2,2,1,1
358,22,0,1,3,1,2,2,2,1,3,3,4,3,4,3,3,3,3,3,2,1,2,4,2,2,3,2,1,4,4,2,3,4,3,4,3,3,2,2,1,4,3,2,3,2,2,3,4,1,3,3,4,2,2,2,1,2,1,2,2,3,1
359,22,0,3,2,4,2,2,2,1,3,2,4,2,4,3,3,3,4,3,4,3,2,2,2,1,2,4,2,4,2,3,2,4,1,3,2,3,2,2,1,2,1,1,3,2,1,3,3,1,2,3,3,4,2,2,3,1,1,3,3,4,1
360,23,0,1,2,3,3,1,2,1,2,3,3,1,3,4,3,4,4,2,1,1,1,1,4,4,1,2,1,2,1,1,3,4,2,4,1,3,1,1,1,2,2,1,2,1,1,1,2,1,3,3,4,2,1,3,2,1,2,2,2,1,1
361,19,1,1,3,4,4,1,1,2,2,4,2,1,4,3,3,1,4,1,4,2,4,4,3,4,1,3,2,3,2,1,1,3,3,3,4,2,2,3,1,2,4,1,4,2,3,1,2,2,4,2,2,4,2,4,3,2,2,2,4,4,3
362,30,1,1,4,3,2,2,3,1,3,3,1,2,2,4,2,3,4,2,2,2,3,2,3,3,2,2,1,2,2,3,3,3,3,1,2,2,2,2,2,1,2,3,1,3,1,4,2,3,3,3,3,4,3,3,2,2,2,2,2,3,1
363,34,0,1,2,4,2,3,3,1,2,2,2,1,3,2,3,2,4,3,4,2,2,2,3,2,1,3,2,3,3,3,2,4,3,4,2,3,3,2,1,2,2,1,2,2,2,4,2,1,3,3,3,4,3,2,3,2,3,2,3,2,3
364,21,1,1,2,3,2,3,3,1,2,3,3,3,3,4,3,3,3,3,4,2,3,3,2,2,1,2,1,3,1,3,2,4,2,3,3,3,2,1,2,2,1,3,2,2,3,2,4,2,3,3,3,3,2,3,3,2,2,3,2,3,1
365,21,1,2,4,2,1,2,2,1,3,1,3,3,2,3,3,1,3,2,1,2,3,2,2,4,1,2,2,2,2,3,1,3,1,2,2,3,3,3,3,3,4,2,4,4,2,1,3,2,3,3,2,4,3,4,2,2,1,2,2,4,2
366,26,0,1,2,2,4,1,3,1,2,4,4,2,4,2,4,3,4,3,4,2,2,3,2,1,1,2,1,4,3,4,4,4,3,2,4,1,1,2,1,1,1,1,2,2,2,3,4,3,4,4,2,1,2,3,2,1,1,3,3,2,1
369,22,1,2,3,3,2,4,2,1,4,2,3,2,4,3,1,4,3,3,4,2,3,2,3,2,1,3,2,2,2,1,2,3,1,4,2,1,2,1,1,1,4,3,2,2,1,2,2,4,2,1,1,4,2,2,4,4,1,3,2,3,2
370,20,1,1,3,3,3,2,1,3,4,3,3,1,4,3,4,4,4,2,3,1,3,3,3,1,1,2,1,4,2,4,1,3,3,2,2,1,1,3,1,2,4,1,1,1,1,2,3,1,4,4,4,4,1,4,1,2,1,4,2,2,1
371,23,1,1,4,2,3,2,2,2,3,2,2,1,2,4,3,4,3,3,2,2,2,3,3,3,2,2,2,3,4,3,3,3,3,1,3,3,2,2,2,3,3,2,2,2,2,1,3,4,3,3,3,3,2,3,2,2,2,3,2,2,2
372,19,1,2,2,3,1,4,3,1,2,3,4,4,2,4,2,2,2,3,4,2,4,2,2,2,1,3,2,3,1,1,3,4,4,4,4,3,3,1,2,4,3,1,2,3,1,3,4,3,3,3,3,4,3,3,2,2,3,1,2,3,2
373,20,1,2,1,2,1,2,2,1,1,4,1,3,2,3,2,2,3,3,4,1,3,2,3,2,3,3,2,4,4,2,3,1,4,4,3,4,3,3,1,1,1,2,3,2,2,2,3,3,2,2,3,2,3,1,1,2,3,2,2,2,2
374,21,0,2,1,4,1,3,1,1,2,3,2,4,3,4,2,3,4,1,4,2,3,2,3,2,1,2,2,3,4,4,3,4,3,2,3,2,2,3,1,2,3,2,1,2,2,1,4,3,3,4,4,3,2,3,1,2,1,1,2,1,2
375,23,1,1,2,3,1,1,1,2,3,3,4,3,3,3,2,4,4,2,4,3,2,3,2,2,1,2,1,4,3,2,4,2,4,4,3,3,2,1,1,2,2,2,1,1,2,1,2,4,2,3,3,2,2,3,2,4,2,2,3,2,1
376,22,0,1,3,2,2,3,1,3,2,2,3,1,3,3,4,4,3,3,1,2,4,3,2,2,3,2,2,4,2,3,3,3,1,4,4,3,2,3,1,2,1,2,1,2,2,3,3,2,4,2,4,1,2,3,3,2,1,3,3,1,2
377,22,1,2,1,2,2,3,2,2,1,1,2,1,1,3,4,3,3,2,4,4,1,4,1,1,2,2,1,2,1,2,3,4,3,4,3,4,3,1,1,1,2,1,3,3,2,2,3,2,2,1,4,2,2,1,2,2,1,4,3,3,1
378,22,1,1,3,4,2,2,2,2,4,4,2,3,4,4,4,3,4,3,4,1,1,4,2,4,2,2,1,4,3,4,2,3,1,1,3,2,2,3,1,2,1,1,2,1,1,3,3,1,3,3,2,1,1,2,1,2,1,3,2,2,3
379,26,0,1,3,4,3,1,2,2,1,4,2,2,4,4,3,4,4,2,4,3,4,2,2,3,2,3,2,3,1,1,2,3,3,3,3,2,2,2,4,2,3,2,2,2,2,3,3,4,2,4,3,2,2,3,2,2,2,3,2,2,2
380,21,1,2,1,3,3,1,2,2,2,4,1,2,3,4,3,2,1,2,3,2,1,3,2,1,2,1,2,4,3,4,3,4,4,2,4,3,2,1,1,2,2,1,2,1,2,3,3,1,3,3,4,3,2,1,2,2,1,1,3,2,1
381,22,1,1,3,3,2,1,2,2,4,1,4,3,4,4,3,4,3,2,4,3,4,2,2,3,2,3,1,4,2,4,3,4,3,2,4,1,2,2,1,3,3,1,1,1,2,2,4,4,4,3,4,4,2,3,2,3,3,3,3,2,1
382,24,1,2,3,3,1,1,2,1,3,2,2,3,4,4,3,3,3,1,2,1,2,3,2,2,1,1,2,4,1,2,1,3,1,1,2,1,1,1,1,2,2,1,2,1,1,1,2,3,3,2,3,3,1,3,1,2,3,2,1,1,1
383,20,0,1,3,3,4,2,1,1,2,1,3,3,2,3,2,3,4,1,2,1,2,2,1,2,1,2,1,3,2,3,2,2,4,2,3,3,1,2,1,3,2,1,1,1,1,2,4,2,4,4,3,3,1,3,1,1,1,1,2,2,2
384,23,0,1,2,3,3,1,2,2,2,3,3,2,1,2,2,3,3,1,4,3,2,2,2,2,2,3,2,3,2,2,2,3,2,3,2,2,2,2,2,2,3,2,3,2,2,3,3,2,3,2,4,2,2,3,2,3,2,4,3,3,2
385,22,0,2,2,2,3,1,2,2,3,3,3,1,2,2,3,3,3,3,2,2,3,2,2,1,2,2,2,3,2,2,2,3,1,4,3,2,2,2,1,2,1,2,2,2,2,3,3,3,3,2,2,3,2,3,2,2,1,2,2,2,2
386,21,0,2,3,3,4,1,1,2,2,3,2,2,4,3,4,3,4,4,1,2,3,2,2,1,1,2,4,4,2,1,3,2,4,4,1,2,2,2,2,3,3,2,1,3,2,2,3,3,4,3,4,4,2,3,1,2,4,3,2,1,2
387,21,1,1,3,4,4,1,4,2,1,4,4,4,2,4,3,3,3,2,4,1,4,4,3,3,1,1,1,4,3,4,1,4,3,4,4,4,2,3,1,1,2,1,3,2,1,2,4,2,4,3,2,4,2,1,1,1,1,2,1,3,1
388,19,0,2,4,2,2,3,2,3,3,3,1,4,4,2,3,2,4,2,4,1,1,3,2,1,1,2,1,4,2,3,1,4,1,4,1,1,2,1,1,1,1,1,1,1,2,3,3,2,4,2,4,2,2,4,1,1,4,4,2,1,2
389,20,0,1,1,3,4,2,2,3,2,3,1,4,4,3,4,3,3,1,4,4,2,3,3,1,2,2,1,4,1,2,3,4,1,2,1,1,2,1,1,2,1,1,1,1,1,2,3,3,3,2,4,1,3,1,1,1,4,2,1,1,2
390,23,0,1,2,3,2,1,1,1,4,3,4,4,4,2,3,4,4,2,4,1,2,3,1,3,2,2,2,4,2,2,3,3,1,2,2,1,2,3,1,2,2,1,1,1,1,2,2,1,4,3,3,3,1,3,2,1,3,4,2,3,1
391,20,0,1,4,2,2,1,2,2,3,1,2,4,4,2,4,3,3,1,4,3,2,3,3,1,2,2,2,4,2,3,2,3,2,3,2,3,2,3,2,2,2,2,1,2,2,2,4,2,4,4,3,2,2,3,2,2,2,3,2,2,2
392,21,0,2,3,1,4,2,1,2,3,2,3,4,4,3,3,4,4,3,4,2,3,4,1,1,2,3,2,4,2,3,4,4,4,4,4,3,2,3,1,4,2,2,1,3,3,3,4,4,4,4,4,2,1,2,2,2,1,2,3,2,2
393,25,1,2,4,4,4,1,2,3,4,4,3,3,4,4,4,4,2,2,3,4,4,4,2,1,1,2,2,4,3,4,4,4,4,2,2,1,2,2,1,1,2,2,1,2,2,3,4,4,4,4,3,4,2,4,2,4,2,3,3,2,2
394,20,0,1,4,4,3,1,1,1,4,3,3,3,4,3,3,3,2,2,4,3,4,3,2,4,2,3,2,3,2,3,4,3,3,4,3,3,2,3,1,2,2,2,1,2,1,1,4,3,3,3,2,3,2,2,2,3,2,3,3,4,2
395,21,1,1,4,3,3,4,1,1,3,3,2,2,3,4,4,3,4,3,4,1,2,2,4,2,1,1,1,4,1,2,1,4,2,1,2,1,1,1,2,1,2,2,2,2,1,2,2,1,2,2,1,3,1,4,1,1,2,2,1,3,1
396,19,1,2,3,3,3,3,3,2,2,2,3,3,3,4,4,2,3,2,4,2,2,3,2,2,3,2,2,3,3,3,2,3,3,3,4,3,2,3,2,2,3,2,2,2,2,3,3,2,3,3,3,4,2,2,2,2,1,3,2,3,2
397,25,0,1,4,2,2,3,2,1,4,4,3,1,3,4,4,4,4,2,4,2,4,2,2,4,1,2,2,4,1,1,3,4,3,1,1,4,2,2,2,1,2,1,3,1,1,3,4,2,4,3,3,2,1,2,1,2,2,3,2,2,1
400,20,0,1,4,2,2,4,4,2,4,1,3,4,4,4,4,4,4,4,4,2,1,4,2,2,1,3,1,4,4,4,1,1,1,1,2,1,2,4,2,4,2,1,1,4,1,4,3,3,4,4,4,3,2,4,2,2,1,4,3,2,2
401,23,1,1,3,3,3,3,3,2,3,3,4,4,3,3,4,3,4,1,4,1,2,3,2,2,1,3,1,3,2,4,3,3,1,4,3,3,1,2,1,2,2,1,1,1,1,3,4,2,4,3,3,4,2,3,2,2,2,2,3,2,2
402,22,0,1,4,1,4,3,1,2,4,2,2,2,1,1,4,4,3,2,3,1,1,,2,1,1,2,1,1,2,1,3,4,1,4,3,1,1,1,2,1,1,1,1,1,1,3,4,4,4,2,1,1,2,4,1,1,1,4,1,4,2
403,20,0,1,2,1,4,1,2,1,4,1,1,2,4,3,2,1,3,3,4,1,1,3,1,1,1,1,1,4,4,4,4,2,4,1,1,1,1,3,1,1,2,1,1,1,1,3,3,2,4,1,4,4,1,3,1,1,1,1,1,1,1
404,24,1,2,3,3,3,2,1,2,3,3,3,3,4,2,4,4,3,4,4,1,1,3,1,1,2,1,1,3,1,3,3,2,3,3,3,2,1,1,2,2,2,1,2,1,1,2,3,3,4,2,3,3,2,2,1,1,2,4,1,2,2
405,22,1,1,1,4,4,1,2,2,2,4,2,4,4,4,2,4,4,3,2,2,2,3,2,4,1,3,2,3,1,3,3,4,2,2,2,3,2,2,1,1,4,3,2,4,1,4,4,4,4,2,2,4,2,4,1,2,2,3,3,3,1
406,23,1,1,2,3,2,4,3,1,2,2,3,4,3,3,1,3,1,1,3,2,2,2,2,2,2,3,2,3,2,2,3,4,4,4,3,1,2,1,2,2,2,3,3,1,1,2,3,2,3,2,1,4,2,1,2,1,2,3,2,2,3
407,20,0,2,1,4,3,1,4,3,3,3,3,4,4,3,4,3,4,2,1,2,1,1,2,1,1,2,1,3,1,3,4,4,4,4,3,2,3,2,1,2,1,1,1,1,2,3,4,1,3,3,3,3,2,2,3,2,2,3,1,2,2
408,20,0,2,2,2,1,4,3,1,2,2,2,2,2,4,2,3,4,2,1,1,1,1,1,1,1,1,1,4,1,4,1,4,1,1,2,2,1,2,1,1,1,1,1,1,1,2,4,1,4,1,4,4,1,4,1,1,1,4,1,2,1
409,19,1,1,3,4,4,3,2,2,3,4,3,3,4,3,4,4,2,1,3,1,4,3,2,1,1,1,1,4,1,2,1,3,1,3,1,2,2,1,2,1,2,1,3,1,1,2,3,4,1,3,2,1,1,3,1,1,1,3,1,4,1
410,21,0,1,4,2,4,1,1,3,4,2,4,4,4,3,4,4,4,3,4,1,3,4,1,2,2,2,1,4,2,4,4,4,1,4,3,2,1,1,1,2,2,1,1,1,1,4,4,3,4,4,4,2,1,3,1,1,1,3,1,3,1
411,22,1,2,3,2,3,2,2,2,4,2,2,3,1,2,2,3,4,1,2,2,2,1,2,3,2,1,2,4,1,3,1,2,3,2,1,1,1,2,1,2,1,1,2,1,1,2,1,1,1,1,3,2,1,3,1,1,2,2,1,1,2
412,19,0,1,4,2,1,2,1,1,2,3,2,4,4,2,,4,1,1,4,1,2,2,2,1,2,2,1,4,4,2,4,3,4,4,4,3,2,1,1,1,1,1,2,1,1,1,4,1,4,4,2,3,1,2,1,2,2,2,2,3,2
413,21,0,2,3,2,2,2,2,1,2,3,3,2,4,3,3,3,4,2,4,2,3,2,3,1,2,3,1,3,3,3,2,4,4,4,3,2,2,3,2,2,4,1,2,2,1,2,4,1,4,4,4,3,2,3,2,4,2,3,3,2,2
414,28,0,1,2,4,4,3,2,1,4,4,4,4,2,3,4,4,4,2,4,1,2,2,2,3,3,1,1,4,1,2,3,4,1,2,3,3,1,1,1,1,1,1,1,1,1,4,4,1,4,4,4,2,2,2,1,1,1,1,2,4,1
415,23,0,2,2,2,2,3,2,2,4,2,2,2,4,4,4,2,4,2,3,2,3,2,4,3,1,2,2,3,2,3,2,2,2,2,2,1,2,2,3,2,2,2,3,2,1,2,3,2,3,2,3,4,2,4,2,2,2,3,3,3,2
416,20,0,2,3,4,4,4,2,1,3,4,1,4,3,2,1,3,4,3,4,3,3,2,2,2,2,3,3,4,1,2,4,4,4,2,1,3,3,1,1,1,1,2,2,3,1,1,4,4,1,1,1,1,3,4,3,1,1,3,3,4,2
417,25,1,1,2,3,4,3,2,2,3,1,1,2,4,2,4,4,4,2,1,1,2,2,1,1,1,1,1,2,1,3,2,2,4,4,2,1,1,2,3,1,1,1,2,2,3,1,4,4,1,1,2,1,1,4,1,2,2,4,1,3,2
418,20,0,1,2,1,2,4,4,3,3,2,4,1,4,4,3,4,4,3,4,1,2,2,1,4,1,2,2,4,3,4,2,2,4,4,3,1,2,3,1,4,3,1,1,2,1,3,4,1,4,3,4,4,3,3,3,2,1,2,2,1,1
419,20,0,2,4,3,3,1,3,1,2,2,2,4,4,4,4,3,4,2,4,3,3,4,3,1,1,2,2,4,3,3,3,3,3,4,3,1,2,3,1,1,1,1,1,2,2,3,4,1,4,3,4,2,2,4,3,3,2,2,2,3,3
420,20,0,1,4,3,2,1,2,3,3,3,2,4,4,3,4,4,4,2,3,2,3,2,1,3,1,2,2,3,1,2,3,3,2,4,2,1,1,2,1,3,2,1,2,1,1,2,3,4,4,3,2,4,1,2,2,2,2,3,2,1,1
421,20,1,1,3,2,3,3,3,2,3,2,2,3,3,3,3,2,3,3,4,2,2,3,2,2,1,2,2,3,2,3,2,2,3,2,3,2,2,3,1,2,2,2,2,2,1,2,2,3,3,2,3,2,2,2,2,3,2,3,2,3,2
422,24,1,1,4,2,2,3,2,1,4,1,4,4,4,3,4,3,3,1,4,1,3,4,1,1,3,1,1,3,1,4,4,4,1,4,2,1,1,3,2,1,3,1,3,1,1,3,2,4,4,2,2,1,1,3,1,1,1,4,2,2,2
423,21,1,2,4,3,3,1,1,1,2,4,1,4,4,3,3,3,4,2,4,2,1,2,2,2,2,2,2,4,2,3,2,3,2,3,3,3,2,1,1,2,2,1,1,1,2,2,2,1,3,3,2,4,2,3,2,1,3,3,3,1,1
424,20,0,1,4,3,4,3,2,2,3,4,2,3,4,3,4,3,4,4,4,3,2,2,3,1,1,2,1,3,1,3,1,2,4,3,1,1,3,3,3,2,3,1,2,1,1,4,1,1,3,1,2,4,2,3,1,1,1,1,,2,1
425,19,0,1,4,3,4,2,4,3,3,3,1,3,4,3,4,4,4,2,4,1,1,4,2,2,2,2,2,4,4,4,3,4,3,4,4,3,3,2,4,2,2,2,4,2,1,2,4,4,4,4,1,4,2,1,1,2,2,2,3,4,1
426,19,0,1,2,4,3,1,3,2,2,3,4,4,4,3,4,3,3,4,4,2,1,4,2,1,3,2,2,4,3,4,4,4,4,4,4,3,2,1,1,2,3,1,2,2,1,3,4,4,4,4,4,3,3,2,3,2,2,2,2,2,2
427,20,1,1,3,4,2,4,2,1,2,3,3,4,4,2,4,3,3,1,4,3,2,2,4,1,1,3,2,4,1,3,4,4,1,2,1,1,2,3,1,1,3,2,3,2,2,3,3,1,2,3,1,4,3,2,2,2,1,2,3,3,2
428,22,0,1,2,3,3,2,1,1,3,2,2,4,4,3,4,3,4,3,4,1,3,2,4,3,1,1,1,4,3,4,4,3,1,4,3,1,1,2,1,2,1,1,1,1,1,2,4,4,4,3,4,2,1,2,1,2,1,2,1,1,1
429,21,0,2,3,3,4,1,3,2,3,3,4,4,3,3,3,3,4,2,2,2,2,3,2,2,2,2,2,3,2,2,4,4,3,4,2,3,2,2,2,2,2,2,3,2,2,3,3,3,4,2,2,2,2,3,2,2,2,2,2,3,2
430,22,0,1,3,1,2,1,1,1,4,2,3,1,4,1,4,4,4,3,4,1,2,3,3,1,2,2,1,2,3,3,4,2,3,3,2,3,2,4,1,2,2,1,1,1,1,2,4,1,4,1,4,2,1,2,1,1,1,2,1,1,1
431,22,0,1,3,1,3,1,3,1,3,1,3,4,3,4,3,1,2,4,4,1,2,1,1,2,1,1,1,4,4,4,3,2,,4,4,2,2,2,1,4,1,1,1,1,1,4,4,3,4,4,4,2,1,4,2,2,1,1,2,3,1
432,21,1,2,3,3,3,2,3,2,2,1,2,3,3,4,2,1,4,1,1,3,3,4,3,3,1,2,3,2,3,2,3,2,4,2,2,2,2,1,3,2,4,1,3,2,1,1,3,2,4,3,3,4,2,4,3,3,2,2,3,3,1
433,25,0,2,3,2,3,1,2,1,2,4,2,1,3,4,4,3,4,1,4,2,3,3,2,1,1,2,2,3,3,3,4,3,2,4,3,3,2,3,1,1,3,2,2,2,2,3,4,1,2,2,3,4,3,3,3,2,1,3,2,2,2
434,20,0,1,3,3,3,1,1,3,2,3,2,2,4,4,3,3,2,3,3,2,3,2,2,2,2,2,2,2,3,3,3,3,2,4,3,1,2,3,1,3,2,1,1,1,1,3,4,2,4,4,4,2,2,3,2,2,3,3,3,1,2
435,21,0,1,3,4,3,1,2,1,1,4,4,4,4,2,4,4,4,2,4,2,3,3,2,4,1,2,1,4,2,2,4,4,4,4,1,1,1,4,1,1,1,2,4,1,1,1,4,4,4,4,2,3,3,4,4,1,4,3,2,3,1
436,22,0,3,3,4,4,4,2,1,2,2,4,2,3,2,2,2,4,2,4,3,2,2,3,2,2,2,2,3,3,2,3,4,2,4,3,4,3,2,1,4,1,1,2,3,2,3,4,1,3,4,3,4,4,1,3,3,1,3,2,2,3
437,19,0,2,3,3,3,2,2,3,3,3,1,3,4,3,3,2,4,1,4,1,3,1,2,1,2,1,1,3,1,2,3,3,4,4,1,2,1,1,1,3,1,1,1,1,2,2,3,4,3,3,3,1,1,2,2,1,2,2,1,2,2
438,,1,1,3,4,3,3,3,2,4,1,1,4,2,3,3,2,4,1,1,1,1,1,3,3,1,1,1,4,2,3,2,3,2,4,1,2,2,3,1,2,3,1,2,1,1,3,2,1,3,3,3,4,2,4,2,1,2,4,2,2,1
439,18,0,2,4,1,3,2,2,3,2,3,3,4,4,4,3,2,4,1,4,2,3,2,3,1,2,3,2,2,2,3,3,2,4,4,3,1,2,2,1,2,2,2,2,2,2,1,3,4,4,1,4,4,,3,2,2,3,2,3,3,2
440,18,0,1,4,1,2,2,1,2,2,2,3,3,4,3,3,2,2,1,1,1,2,2,2,1,1,2,1,4,2,2,2,4,4,4,2,2,1,1,1,2,4,1,2,1,2,3,3,1,2,2,4,4,1,4,2,3,2,2,2,1,2
